"Type","SKU","Name","Published","Catalog visibility","Is featured?","Description","Regular price","Sale price","Manage stock?","Stock","Low stock amount","Backorders allowed?","Categories","Tags","Meta: source_product_id","Meta: source_cost_price","Meta: source_fractional","Meta: source_unit"
"simple","C1100033","Adesivo Cascão","1","visible","1","<p>Adesivos pet em EVA, modelo Cascão, desenvolvidos para finalização profissional de banho e tosa. Produzidos com recortes sobrepostos e montagem em camadas, possuem acabamento detalhado e bem definido.</p><p><strong>Conteúdo:</strong> 10 unidades<br/><strong>Modelo:</strong> Cascão<br/><strong>Material:</strong> EVA<br/><strong>Composição do pacote:</strong> todos os adesivos são iguais<br/><strong>Acabamento:</strong> montagem em camadas, com base preta e detalhes em cores coordenadas<br/><strong>Aplicação:</strong> diretamente sobre a pelagem do pet</p><p><strong>Fixação e remoção:</strong> fita dupla face de altíssima fixação, que normalmente permanece fixada por 7 a 15 dias, conforme a pelagem e a rotina do pet. Para remover, umedeça com água morna e retire delicadamente, sem puxar os pelos.</p><p><strong>Observação:</strong> as cores e tonalidades podem apresentar pequenas variações conforme o material utilizado e o lote de produção.</p>","13.9","","1","3","0","1","ADESIVOS","","771b4155-61a0-4872-9e2b-db23a63f72f4","6.74","0",""
"simple","C1100040","Adesivo Cebolinha","1","visible","1","<p>Adesivos pet em EVA, modelo Cebolinha, desenvolvidos para finalização profissional de banho e tosa. Produzidos com recortes sobrepostos e montagem em camadas, possuem acabamento detalhado e bem definido.</p><p><strong>Conteúdo:</strong> 10 unidades<br/><strong>Modelo:</strong> Cebolinha<br/><strong>Material:</strong> EVA<br/><strong>Cores:</strong> bege e preto<br/><strong>Composição do pacote:</strong> todos os adesivos são iguais<br/><strong>Acabamento:</strong> montagem em camadas<br/><strong>Aplicação:</strong> diretamente sobre a pelagem do pet</p><p><strong>Fixação e remoção:</strong> fita dupla face de altíssima fixação, que normalmente permanece fixada por 7 a 15 dias, conforme a pelagem e a rotina do pet. Para remover, umedeça com água morna e retire delicadamente, sem puxar os pelos.</p><p><strong>Observação:</strong> as cores e tonalidades podem apresentar pequenas variações conforme o material utilizado e o lote de produção.</p>","12.9","","1","3","0","1","ADESIVOS","","2391c5c3-de0b-4ba6-a16a-acf070b7ea30","6.74","0",""
"simple","C1100118","Adesivo Cerejinha","1","visible","1","<p>Adesivos pet em EVA, modelo cerejinha, desenvolvidos para finalização profissional de banho e tosa. Produzidos com recortes sobrepostos e montagem em camadas, possuem acabamento brilhante e bem definido.</p><p><strong>Conteúdo:</strong> 10 unidades<br/><strong>Modelo:</strong> cerejinha<br/><strong>Material:</strong> EVA<br/><strong>Cores:</strong> vermelho e verde<br/><strong>Composição do pacote:</strong> todos os adesivos são iguais<br/><strong>Acabamento:</strong> montagem em camadas com efeito brilhante<br/><strong>Aplicação:</strong> diretamente sobre a pelagem do pet</p><p><strong>Fixação e remoção:</strong> fita dupla face de altíssima fixação, que normalmente permanece fixada por 7 a 15 dias, conforme a pelagem e a rotina do pet. Para remover, umedeça com água morna e retire delicadamente, sem puxar os pelos.</p><p><strong>Observação:</strong> as cores e tonalidades podem apresentar pequenas variações conforme o material utilizado e o lote de produção.</p>","13.9","","1","4","0","1","ADESIVOS","","69211b3f-3739-4558-aecb-aceeb8aea07a","6.68","0",""
"simple","C1100012","Adesivo Hello","1","visible","1","<p>Adesivos pet em EVA, modelo Hello, desenvolvidos para finalização profissional de banho e tosa. Produzidos com recortes sobrepostos e montagem em camadas, possuem acabamento brilhante e bem definido.</p><p><strong>Conteúdo:</strong> 10 unidades<br/><strong>Modelo:</strong> Hello<br/><strong>Material:</strong> EVA<br/><strong>Cores:</strong> branco com efeito brilhante, preto e vermelho<br/><strong>Composição do pacote:</strong> todos os adesivos são iguais<br/><strong>Acabamento:</strong> montagem em camadas<br/><strong>Aplicação:</strong> diretamente sobre a pelagem do pet</p><p><strong>Fixação e remoção:</strong> fita dupla face de altíssima fixação, que normalmente permanece fixada por 7 a 15 dias, conforme a pelagem e a rotina do pet. Para remover, umedeça com água morna e retire delicadamente, sem puxar os pelos.</p><p><strong>Observação:</strong> as cores e tonalidades podem apresentar pequenas variações conforme o material utilizado e o lote de produção.</p>","14.9","","1","10","0","1","ADESIVOS","","2cb94c70-f0ae-4021-a2cb-78cbfb6841b2","6.74","0",""
"simple","C1100171","Adesivos Poderosas c/20","1","visible","1","<p>Adesivos pet em EVA, modelo florzinha, desenvolvidos para finalização profissional de banho e tosa. Produzidos em camada única, são leves e práticos para aplicação sobre a pelagem.</p><p><strong>Conteúdo:</strong> 40 unidades<br/><strong>Modelo:</strong> florzinha<br/><strong>Material:</strong> EVA<br/><strong>Cores:</strong> sortidas<br/><strong>Acabamento:</strong> camada única, sem sobreposição<br/><strong>Aplicação:</strong> diretamente sobre a pelagem do pet</p><p><strong>Fixação e remoção:</strong> fita dupla face de altíssima fixação, que normalmente permanece fixada por 7 a 15 dias, conforme a pelagem e a rotina do pet. Para remover, umedeça com água morna e retire delicadamente, sem puxar os pelos.</p><p><strong>Observação:</strong> as cores e tonalidades podem variar conforme a disponibilidade do material e o lote de produção.</p>","16.9","","1","0","0","1","ADESIVOS","","cdf25bd3-b210-4c43-8504-f778b7decebd","7","0",""
"simple","C1100172","Adesivos Princess  c/20","1","visible","1","<p>Adesivos pet em EVA, modelo florzinha, desenvolvidos para finalização profissional de banho e tosa. Produzidos em camada única, são leves e práticos para aplicação sobre a pelagem.</p><p><strong>Conteúdo:</strong> 40 unidades<br/><strong>Modelo:</strong> florzinha<br/><strong>Material:</strong> EVA<br/><strong>Cores:</strong> sortidas<br/><strong>Acabamento:</strong> camada única, sem sobreposição<br/><strong>Aplicação:</strong> diretamente sobre a pelagem do pet</p><p><strong>Fixação e remoção:</strong> fita dupla face de altíssima fixação, que normalmente permanece fixada por 7 a 15 dias, conforme a pelagem e a rotina do pet. Para remover, umedeça com água morna e retire delicadamente, sem puxar os pelos.</p><p><strong>Observação:</strong> as cores e tonalidades podem variar conforme a disponibilidade do material e o lote de produção.</p>","16.9","","1","0","0","1","ADESIVOS","","8d6c30b8-5f97-4f30-9d43-3752e488aec0","7","0",""
"simple","C1100132","Babador Ratinha c/ 4","1","visible","1","<p>Babadores pet em feltro, modelo ratinha, desenvolvidos para finalização profissional de banho e tosa e para fotografias. São utilizados ao redor do pescoço do pet e possuem aplique decorativo em EVA, proporcionando um acabamento delicado e diferenciado.</p><p><strong>Conteúdo:</strong> 4 unidades<br/><strong>Tamanho:</strong> único<br/><strong>Material:</strong> feltro<br/><strong>Aplique:</strong> modelo ratinha em EVA<br/><strong>Aplicação:</strong> ao redor do pescoço do pet<br/><strong>Fechamento:</strong> por amarração<br/><strong>Cores:</strong> iguais dentro do mesmo pacote, conforme disponibilidade</p><p><strong>Observação:</strong> a cor do pacote pode variar conforme a disponibilidade de estoque. As cores e tonalidades podem apresentar pequenas diferenças conforme o material e o lote de produção.</p>","19.9","","1","3","0","0","BABADOR","","25971fc2-f4d3-4501-8862-6881562e9914","11.8","0",""
"simple","C1100126","Borboleta 3D - Adesiva","1","visible","1","<p>Adesivos pet em formato de borboleta 3D, indicados para finalização profissional de banho e tosa. São aplicados diretamente sobre a pelagem do pet, proporcionando um acabamento delicado após o banho.</p><p><strong>Conteúdo:</strong> 10 unidades<br/><strong>Modelo:</strong> borboleta 3D<br/><strong>Cores:</strong> sortidas<br/><strong>Aplicação:</strong> diretamente sobre a pelagem do pet</p><p><strong>Fixação e remoção:</strong> fita dupla face de altíssima fixação, que normalmente permanece fixada por 7 a 15 dias, conforme a pelagem e a rotina do pet. Para remover, umedeça com água morna e retire delicadamente, sem puxar os pelos.</p><p><strong>Observação:</strong> as cores e tonalidades podem apresentar pequenas variações conforme o material utilizado e o lote de produção.</p>","16.9","","1","4","0","0","ADESIVOS","","762789c0-9d7f-40cc-8c78-4369edfc1459","7.84","0",""
"simple","C1100129","Colarinho com botão - M1","1","visible","1","<p>Colarinhos pet tamanho M1, confeccionados em tecido de poliéster para finalização profissional de banho e tosa. Possuem acabamento em viés de TNT e fechamento por botão de pressão.</p><p><strong>Conteúdo:</strong> 5 unidades<br/><strong>Tamanho:</strong> M1<br/><strong>Material:</strong> tecido de poliéster<br/><strong>Acabamento:</strong> viés de TNT<br/><strong>Fechamento:</strong> botão de pressão<br/><strong>Estampas:</strong> 5 estampas diferentes, sem repetição</p><p><strong>Observação:</strong> as estampas, cores e tonalidades — inclusive a cor do viés — podem variar conforme o material disponível e o lote de produção.</p>","20.9","","1","32","0","1","COLARINHOS","","caf48824-d622-4a07-82c9-ff3b0f34aad8","11.64","0",""
"simple","C1100041","Colarinho com botão - M2","1","visible","1","<p>Colarinhos pet tamanho M2, confeccionados em tecido de poliéster para finalização profissional de banho e tosa. Possuem acabamento em viés de TNT e fechamento por botão de pressão.</p><p><strong>Conteúdo:</strong> 5 unidades<br/><strong>Tamanho:</strong> M2<br/><strong>Material:</strong> tecido de poliéster<br/><strong>Acabamento:</strong> viés de TNT<br/><strong>Fechamento:</strong> botão de pressão<br/><strong>Estampas:</strong> 5 estampas diferentes, sem repetição</p><p><strong>Observação:</strong> as estampas, cores e tonalidades — inclusive a cor do viés — podem variar conforme o material disponível e o lote de produção.</p>","22.9","","1","22","0","1","COLARINHOS","","60add9f5-a306-46f0-abed-dbc35f5d1e51","12.81","0",""
"simple","C1100158","Colarinho Dia dos Pais - M1","1","visible","1","<p>Colarinhos pet tamanho M1, confeccionados em tecido de poliéster para finalização profissional de banho e tosa. Possuem acabamento em viés de TNT e fechamento por botão de pressão.</p><p><strong>Conteúdo:</strong> 5 unidades<br/><strong>Tamanho:</strong> M1<br/><strong>Material:</strong> tecido de poliéster<br/><strong>Acabamento:</strong> viés de TNT<br/><strong>Fechamento:</strong> botão de pressão<br/><strong>Estampas:</strong> 5 estampas diferentes, sem repetição</p><p><strong>Observação:</strong> as estampas, cores e tonalidades — inclusive a cor do viés — podem variar conforme o material disponível e o lote de produção.</p>","20.9","","1","1","0","1","COLARINHOS","","0646cb73-35ae-4144-b93b-ae2e55a3cb99","11.64","0",""
"simple","C1100159","Colarinho Dia dos Pais - M2","1","visible","1","<p>Colarinhos pet tamanho M2, confeccionados em tecido de poliéster para finalização profissional de banho e tosa. Possuem acabamento em viés de TNT e fechamento por botão de pressão.</p><p><strong>Conteúdo:</strong> 5 unidades<br/><strong>Tamanho:</strong> M2<br/><strong>Material:</strong> tecido de poliéster<br/><strong>Acabamento:</strong> viés de TNT<br/><strong>Fechamento:</strong> botão de pressão<br/><strong>Estampas:</strong> 5 estampas diferentes, sem repetição</p><p><strong>Observação:</strong> as estampas, cores e tonalidades — inclusive a cor do viés — podem variar conforme o material disponível e o lote de produção.</p>","22.9","","1","3","0","1","COLARINHOS","","7a8aafaf-ce62-4402-9768-c0d96ff32bce","12.81","0",""
"simple","C1100113","Colarinho Feltro - São João","1","visible","1","<p>Colarinhos pet de feltro com temática de São João, pertencentes à linha luxo para finalizações especiais de banho e tosa. São especialmente indicados para banhos completos com hidratação e para fotografias, proporcionando uma apresentação mais sofisticada ao pet.</p><p><strong>Conteúdo:</strong> 2 unidades<br/><strong>Linha:</strong> luxo<br/><strong>Material:</strong> feltro<br/><strong>Cores:</strong> 2 cores diferentes, conforme disponibilidade<br/><strong>Indicação:</strong> finalizações especiais, banhos completos com hidratação e fotografias</p><p><strong>Observação:</strong> as cores e tonalidades podem apresentar pequenas variações conforme o material disponível e o lote de produção.</p>","22.9","","1","7","0","0","FESTA JUNINA","","5e8239fb-fb97-4903-9a31-5bc3bd8ea6f1","10.9","0",""
"simple","C1100018","Laço - Adesivo","1","visible","1","<p>Laços adesivos pet, produzidos em fita de cetim ou gorgurão, indicados para finalização profissional de banho e tosa. Possuem aplique decorativo em EVA e são aplicados diretamente sobre a pelagem do pet.</p><p><strong>Conteúdo:</strong> 10 unidades<br/><strong>Material:</strong> fita de cetim ou gorgurão<br/><strong>Aplique:</strong> EVA<br/><strong>Modelos:</strong> iguais ou mistos, conforme disponibilidade<br/><strong>Aplicação:</strong> diretamente sobre a pelagem do pet</p><p><strong>Fixação e remoção:</strong> fita dupla face de altíssima fixação, que normalmente permanece fixada por 7 a 15 dias, conforme a pelagem e a rotina do pet. Para remover, umedeça com água morna e retire delicadamente, sem puxar os pelos.</p><p><strong>Observação:</strong> os modelos, materiais, cores e tonalidades podem variar conforme a disponibilidade e o lote de produção.</p>","24.9","","1","3","0","1","FESTA JUNINA","","daef17c8-5e74-4acd-abe0-fe8294c702c8","15.34","0",""
"simple","C1100116","Laço Fogueirinha São João - Adesivo","1","visible","1","<p>Laços adesivos pet com temática de São João, produzidos em fita de cetim ou gorgurão para finalização profissional de banho e tosa. Possuem aplique de fogueirinha montado em EVA, com madeirinhas e chama, e são aplicados diretamente sobre a pelagem do pet.</p><p><strong>Conteúdo:</strong> 10 unidades<br/><strong>Tema:</strong> São João<br/><strong>Material:</strong> fita de cetim ou gorgurão<br/><strong>Aplique:</strong> fogueirinha montada em EVA<br/><strong>Aplicação:</strong> diretamente sobre a pelagem do pet</p><p><strong>Fixação e remoção:</strong> fita dupla face de altíssima fixação, que normalmente permanece fixada por 7 a 15 dias, conforme a pelagem e a rotina do pet. Para remover, umedeça com água morna e retire delicadamente, sem puxar os pelos.</p><p><strong>Observação:</strong> as cores e tonalidades podem apresentar pequenas variações conforme o material utilizado e o lote de produção.</p>","24.9","","1","3","0","1","FESTA JUNINA","","e08c0f8d-ab19-48a7-949c-8bcaa24d9423","15.34","0",""
"simple","C1100117","Laço Maçã do Amor - São João - Adesivo","1","visible","1","<p>Laços adesivos pet com temática de São João, produzidos em fita de cetim ou gorgurão para finalização profissional de banho e tosa. Possuem aplique de maçã do amor montado em EVA e são aplicados diretamente sobre a pelagem do pet.</p><p><strong>Conteúdo:</strong> 10 unidades<br/><strong>Tema:</strong> São João<br/><strong>Material:</strong> fita de cetim ou gorgurão<br/><strong>Aplique:</strong> maçã do amor montada em EVA<br/><strong>Aplicação:</strong> diretamente sobre a pelagem do pet</p><p><strong>Fixação e remoção:</strong> fita dupla face de altíssima fixação, que normalmente permanece fixada por 7 a 15 dias, conforme a pelagem e a rotina do pet. Para remover, umedeça com água morna e retire delicadamente, sem puxar os pelos.</p><p><strong>Observação:</strong> as cores e tonalidades podem apresentar pequenas variações conforme o material utilizado e o lote de produção.</p>","24.9","","1","3","0","1","FESTA JUNINA","","906f86d4-58b6-4de6-b8ee-ae7456023ac4","15.34","0",""
"simple","C1100130","Laços Mistos Premium c/ 24","1","hidden","1","Laços Mistos Premium c/ 24","44.9","","1","11","0","0","LAÇOS","","733d4abc-78c3-458b-9a8e-4d32cbef2e1a","31.64","0",""
"simple","C1100127","Passa Fitas Florido c/8","1","visible","1","<p>Passa-fitas pet em EVA colorido, desenvolvidos para finalização profissional de banho e tosa. São utilizados ao redor do pescoço do pet e possuem corte a laser, proporcionando acabamento limpo e bem definido.</p><p><strong>Conteúdo:</strong> 8 unidades<br/><strong>Tamanho:</strong> único<br/><strong>Material:</strong> EVA<br/><strong>Fechamento:</strong> por amarração com fita de cetim<br/><strong>Acabamento:</strong> corte a laser<br/><strong>Cores:</strong> variadas</p><p><strong>Observação:</strong> as cores e tonalidades podem variar conforme a disponibilidade do material e o lote de produção.</p>","27.9","","1","7","0","0","GARGANTILHAS","","4756e2c3-c8ad-4aa2-977f-b602ea7176d3","16.9","0",""
"simple","C1100106","Passa Fitas São João","1","visible","1","<p>Passa-fitas pet em lonita, com estampas e acabamentos temáticos de São João, desenvolvidos para finalização profissional de banho e tosa. São utilizados ao redor do pescoço do pet e possuem corte a laser, proporcionando acabamento limpo e bem definido.</p><p><strong>Conteúdo:</strong> 8 unidades<br/><strong>Tamanho:</strong> único<br/><strong>Material:</strong> lonita<br/><strong>Tema:</strong> São João<br/><strong>Modelos:</strong> sortidos<br/><strong>Apliques e laços:</strong> variados dentro da temática<br/><strong>Fechamento:</strong> por amarração com fita de cetim<br/><strong>Acabamento:</strong> corte a laser</p><p><strong>Observação:</strong> as estampas, os modelos, os apliques, as cores e tonalidades podem variar conforme a disponibilidade do material e o lote de produção.</p>","27.9","","1","8","0","1","FESTA JUNINA","","153cee59-8ab1-4bf4-8982-0e89bde40308","16.36","0",""
"simple","C1100156","Adesivo abelinha","1","hidden","0","Adesivo abelinha","13.9","","1","6","0","0","Outros","","d15cf9df-1075-4171-bdaf-1e1d4f512cb2","6.5","0",""
"simple","C1100119","Adesivo Bola Rei","1","hidden","0","Adesivo Bola Rei","14.9","","1","-1","0","1","ADESIVOS","","e3744544-011e-4f1c-b14e-e352582e7255","6.68","0",""
"simple","C1100002","Adesivo coração C/ 40","1","hidden","0","Adesivo pet em formato de coração pequeno, confeccionado em EVA, desenvolvido para proporcionar uma finalização delicada, prática e encantadora após o banho e tosa.  Com alta fixação e excelente apresentação, é ideal para pet shops, centros de estética animal e profissionais que desejam oferecer um acessório rápido de aplicar, bonito e com maior durabilidade no pelo do pet.  ✅ Formato de coração pequeno ✅ Confeccionado em EVA ✅ Adesivo de alta fixação ✅ Aplicação prática e rápida ✅ Leve, delicado e confortável ✅ Modelo exatamente igual ao das fotos ✅ Ideal para fotos, entregas e finalização de banho e tosa ✅ Excelente opção para valorizar o atendimento e encantar os tutores  Conteúdo da embalagem: 40 adesivos coração pequeno em EVA.  Modelos Cores: O modelo é exatamente igual ao apresentado nas fotos. As cores são enviadas conforme disponibilidade em estoque no momento da separação do pedido.  Observação importante: Oriente o tutor a retirar o adesivo com água morna, umedecendo bem a região antes da remoção. Não é recomendado puxar o adesivo diretamente, pois isso pode danificar ou arrancar os pelos do pet.  Produto desenvolvido pela Autelie Moda Pet, especialista em acessórios para banho e tosa, com foco em qualidade, beleza e apresentação profissional.","15.9","","1","4","0","1","ADESIVOS","","b5ae9879-da1b-42aa-a8d2-e22846acb995","5.59","0",""
"simple","C1100003","Adesivo Coração Feliz c/ 12","1","hidden","0","Adesivo pet em formato de coração pequeno, confeccionado em EVA, desenvolvido para proporcionar uma finalização delicada, prática e encantadora após o banho e tosa.  Com alta fixação e excelente apresentação, é ideal para pet shops, centros de estética animal e profissionais que desejam oferecer um acessório rápido de aplicar, bonito e com maior durabilidade no pelo do pet.  ✅ Formato de coração pequeno ✅ Confeccionado em EVA ✅ Adesivo de alta fixação ✅ Aplicação prática e rápida ✅ Leve, delicado e confortável ✅ Modelo exatamente igual ao das fotos ✅ Ideal para fotos, entregas e finalização de banho e tosa ✅ Excelente opção para valorizar o atendimento e encantar os tutores  Conteúdo da embalagem: 40 adesivos coração pequeno em EVA.  Modelos Cores: O modelo é exatamente igual ao apresentado nas fotos. As cores são enviadas conforme disponibilidade em estoque no momento da separação do pedido.  Observação importante: Oriente o tutor a retirar o adesivo com água morna, umedecendo bem a região antes da remoção. Não é recomendado puxar o adesivo diretamente, pois isso pode danificar ou arrancar os pelos do pet.  Produto desenvolvido pela Autelie Moda Pet, especialista em acessórios para banho e tosa, com foco em qualidade, beleza e apresentação profissional.","15.9","","1","0","0","1","ADESIVOS","","0dc480e2-ef79-4a88-80ac-c6406f11f029","5.59","0",""
"simple","C1100014","Adesivo Estrelinhas Copa","1","hidden","0","Adesivo Estrelinhas Copa","11.9","","1","15","0","1","ADESIVOS","","2dd3eefa-fb91-4eee-b7b4-08b325c56bd9","6.68","0",""
"simple","C1100004","Adesivo Helicóptero","1","hidden","0","Adesivos pet confeccionados em EVA, desenvolvidos para proporcionar uma finalização prática, bonita e encantadora após o banho e tosa.  Com alta fixação e excelente apresentação, são ideais para pet shops, centros de estética animal e profissionais que desejam oferecer um acessório rápido de aplicar, com ótimo acabamento e maior durabilidade no pelo do pet.  ✅ Confeccionados em EVA ✅ Adesivo de alta fixação ✅ Aplicação prática e rápida ✅ Leves, delicados e confortáveis ✅ Modelos exatamente iguais aos das fotos ✅ Ideais para fotos, entregas e finalização de banho e tosa ✅ Excelente opção para valorizar o atendimento e encantar os tutores  Conteúdo da embalagem: 12 adesivos em EVA.  Modelos Cores: Os modelos são exatamente iguais aos apresentados nas fotos. As cores são enviadas conforme disponibilidade em estoque no momento da separação do pedido.  Observação importante: Oriente o tutor a retirar o adesivo com água morna, umedecendo bem a região antes da remoção. Não é recomendado puxar o adesivo diretamente, pois isso pode danificar ou arrancar os pelos do pet.  Produto desenvolvido pela Autelie Moda Pet, especialista em acessórios para banho e tosa, com foco em qualidade, beleza e apresentação profissional.","13.9","","1","0","0","1","ADESIVOS","","b21659b7-cea0-43c1-8580-5fb6f9e94a9f","5.59","0",""
"simple","C1100005","Adesivo Hello Borboleta","1","hidden","0","Adesivo Hello Borboleta","14.9","","1","0","0","1","ADESIVOS","","670cb7ac-3c50-4e6d-8fa9-768dad584cfb","2.9","0",""
"simple","C1100007","Adesivo Joaninha","1","hidden","0","Adesivo pet modelo joaninha, confeccionado em EVA, desenvolvido para proporcionar uma finalização delicada, divertida e encantadora após o banho e tosa.  Com alta fixação e excelente apresentação, é ideal para pet shops, centros de estética animal e profissionais que desejam oferecer um acessório rápido de aplicar, bonito e com maior durabilidade no pelo do pet.  ✅ Modelo joaninha ✅ Confeccionado em EVA ✅ Adesivo de alta fixação ✅ Aplicação prática e rápida ✅ Leve, delicado e confortável ✅ Modelo exatamente igual ao das fotos ✅ Ideal para fotos, entregas e finalização de banho e tosa ✅ Excelente opção para valorizar o atendimento e encantar os tutores  Conteúdo da embalagem: 10 adesivos joaninha em EVA.  Modelos Cores: O modelo é exatamente igual ao apresentado nas fotos. As cores são enviadas conforme disponibilidade em estoque no momento da separação do pedido.   Observação importante: Oriente o tutor a retirar o adesivo com água morna, umedecendo bem a região antes da remoção. Não é recomendado puxar o adesivo diretamente, pois isso pode danificar ou arrancar os pelos do pet.   Produto desenvolvido pela Autelie Moda Pet, especialista em acessórios para banho e tosa, com foco em qualidade, beleza e apresentação profissional.","15.9","","1","0","0","1","ADESIVOS","","2253d4ed-30ea-4f57-9d1a-1e7b2655ce9a","5.59","0",""
"simple","C1100145","Adesivo Leãozinho C/10","1","visible","0","<p>Adesivos pet em EVA, modelo leãozinho, desenvolvidos para finalização profissional de banho e tosa. Produzidos com recortes sobrepostos e montagem em camadas, possuem acabamento detalhado e bem definido.</p><p><strong>Conteúdo:</strong> 10 unidades<br/><strong>Modelo:</strong> leãozinho<br/><strong>Material:</strong> EVA<br/><strong>Composição do pacote:</strong> todos os adesivos são iguais<br/><strong>Acabamento:</strong> montagem em camadas<br/><strong>Aplicação:</strong> diretamente sobre a pelagem do pet</p><p><strong>Fixação e remoção:</strong> fita dupla face de altíssima fixação, que normalmente permanece fixada por 7 a 15 dias, conforme a pelagem e a rotina do pet. Para remover, umedeça com água morna e retire delicadamente, sem puxar os pelos.</p><p><strong>Observação:</strong> as cores e tonalidades podem apresentar pequenas variações conforme o material utilizado e o lote de produção.</p>","13.9","","1","3","0","0","ADESIVOS","","3288369b-b675-4c5d-846f-ede7b1f9f2d1","6","0",""
"simple","C1100008","Adesivo Morcego C/ 10","1","visible","0","<p>Adesivos pet em EVA, modelo morcego, desenvolvidos para finalização profissional de banho e tosa.</p><p><strong>Conteúdo:</strong> 10 unidades<br/><strong>Modelo:</strong> morcego<br/><strong>Material:</strong> EVA<br/><strong>Cores:</strong> fundo amarelo com detalhes pretos<br/><strong>Composição do pacote:</strong> todos os adesivos são iguais<br/><strong>Aplicação:</strong> diretamente sobre a pelagem do pet</p><p><strong>Fixação e remoção:</strong> fita dupla face de altíssima fixação, que normalmente permanece fixada por 7 a 15 dias, conforme a pelagem e a rotina do pet. Para remover, umedeça com água morna e retire delicadamente, sem puxar os pelos.</p><p><strong>Observação:</strong> as tonalidades podem apresentar pequenas variações conforme o material utilizado e o lote de produção.</p>","13.9","","1","9","0","1","ADESIVOS","","6b64434d-dac5-4800-9fd4-16366ede940d","5.59","0",""
"simple","C1100009","Adesivo Mouse C/ 40","1","hidden","0","Adesivo pet em formato de coração pequeno, confeccionado em EVA, desenvolvido para proporcionar uma finalização delicada, prática e encantadora após o banho e tosa.  Com alta fixação e excelente apresentação, é ideal para pet shops, centros de estética animal e profissionais que desejam oferecer um acessório rápido de aplicar, bonito e com maior durabilidade no pelo do pet.  ✅ Formato de coração pequeno ✅ Confeccionado em EVA ✅ Adesivo de alta fixação ✅ Aplicação prática e rápida ✅ Leve, delicado e confortável ✅ Modelo exatamente igual ao das fotos ✅ Ideal para fotos, entregas e finalização de banho e tosa ✅ Excelente opção para valorizar o atendimento e encantar os tutores  Conteúdo da embalagem: 40 adesivos coração pequeno em EVA.  Modelos Cores: O modelo é exatamente igual ao apresentado nas fotos. As cores são enviadas conforme disponibilidade em estoque no momento da separação do pedido.  Observação importante: Oriente o tutor a retirar o adesivo com água morna, umedecendo bem a região antes da remoção. Não é recomendado puxar o adesivo diretamente, pois isso pode danificar ou arrancar os pelos do pet.  Produto desenvolvido pela Autelie Moda Pet, especialista em acessórios para banho e tosa, com foco em qualidade, beleza e apresentação profissional.","14.9","","1","26","0","1","ADESIVOS","","bae9d1a8-d46e-4649-b3f9-b79da18ac14e","5.74","0",""
"simple","C1100010","Adesivo ratinha","1","hidden","0","Adesivo pet modelo Minnie Premium, confeccionado em EVA, desenvolvido para proporcionar uma finalização delicada, charmosa e encantadora após o banho e tosa.  Com alta fixação e excelente apresentação, é ideal para pet shops, centros de estética animal e profissionais que desejam oferecer um acessório diferenciado, rápido de aplicar, bonito e com maior durabilidade no pelo do pet.  ✅ Modelo Minnie Premium ✅ Confeccionado em EVA ✅ Adesivo de alta fixação ✅ Aplicação prática e rápida ✅ Leve, delicado e confortável ✅ Modelo exatamente igual ao das fotos ✅ Ideal para fotos, entregas e finalização de banho e tosa ✅ Excelente opção para valorizar o atendimento e encantar os tutores  Conteúdo da embalagem: 6 adesivos Minnie Premium em EVA.  Modelos Cores: O modelo é exatamente igual ao apresentado nas fotos. As cores são enviadas conforme disponibilidade em estoque no momento da separação do pedido.  Observação importante: Oriente o tutor a retirar o adesivo com água morna, umedecendo bem a região antes da remoção. Não é recomendado puxar o adesivo diretamente, pois isso pode danificar ou arrancar os pelos do pet.  Produto desenvolvido pela Autelie Moda Pet, especialista em acessórios para banho e tosa, com foco em qualidade, beleza e apresentação profissional.","10.9","","1","1","0","1","ADESIVOS","","341f04ba-e2d1-45f7-8fa3-657f151b9400","5.14","0",""
"simple","C1100128","Adesivo Ratinha C/ 10","1","hidden","0","Adesivo Ratinha C/ 10","15.9","","1","7","0","0","ADESIVOS","","133dc3af-2a8f-4e90-ac68-461aeb48bb3b","5.6","0",""
"simple","C1100011","Adesivo Super C/ 10","1","visible","0","<p>Adesivos pet em EVA, modelo Super, desenvolvidos para finalização profissional de banho e tosa.</p><p><strong>Conteúdo:</strong> 10 unidades<br/><strong>Modelo:</strong> Super<br/><strong>Material:</strong> EVA<br/><strong>Cores:</strong> amarelo e vermelho<br/><strong>Composição do pacote:</strong> todos os adesivos são iguais<br/><strong>Aplicação:</strong> diretamente sobre a pelagem do pet</p><p><strong>Fixação e remoção:</strong> fita dupla face de altíssima fixação, que normalmente permanece fixada por 7 a 15 dias, conforme a pelagem e a rotina do pet. Para remover, umedeça com água morna e retire delicadamente, sem puxar os pelos.</p><p><strong>Observação:</strong> as tonalidades podem apresentar pequenas variações conforme o material utilizado e o lote de produção.</p>","13.9","","1","3","0","1","ADESIVOS","","52a41a60-4103-4300-90fe-d36c2cde4b3f","5.59","0",""
"simple","C1100122","Adesivo Tictac","1","hidden","0","Adesivo Tictac","13.9","","1","13","0","0","ADESIVOS","","d8f4d729-812b-4d4b-a43f-8892ef27730e","5","0",""
"simple","C1100006","Adesivo Tigrinho","1","hidden","0","Adesivo Tigrinho","13.9","","1","1","0","1","ADESIVOS","","018a1bfb-b999-4be5-8fe9-04c4460f8403","6.74","0",""
"simple","C1100013","Adesivo Unicornio Misto","1","hidden","0","Adesivo Unicornio Misto","13.9","","1","2","0","1","ADESIVOS","","4b43b5f5-d7dd-41e4-a401-e5dd64697cb0","6.04","0",""
"simple","C1100015","Adesivo Ursinho do Pote de Mel c/10","1","hidden","0","Adesivo Ursinho do Pote de Mel c/10","13.9","","1","3","0","1","ADESIVOS","","c51eb9a7-262c-488c-9eed-f3f61dce18e5","6.04","0",""
"simple","C1100016","Adesivo ursinho inverno C/10","1","hidden","0","Adesivo pet modelo Ursinho de Inverno, confeccionado em EVA, desenvolvido para proporcionar uma finalização delicada, temática e encantadora após o banho e tosa.  Com alta fixação e excelente apresentação, é ideal para pet shops, centros de estética animal e profissionais que desejam oferecer um acessório criativo, rápido de aplicar, bonito e com maior durabilidade no pelo do pet.  ✅ Modelo Ursinho de Inverno ✅ Confeccionado em EVA ✅ Adesivo de alta fixação ✅ Aplicação prática e rápida ✅ Leve, delicado e confortável ✅ Modelo exatamente igual ao das fotos ✅ Ideal para fotos, entregas e finalização de banho e tosa ✅ Excelente opção para campanhas de inverno e atendimentos temáticos  Conteúdo da embalagem: 10 adesivos Ursinho de Inverno em EVA.  Modelos Cores: O modelo é exatamente igual ao apresentado nas fotos. As cores são enviadas conforme disponibilidade em estoque no momento da separação do pedido.  Observação importante: Oriente o tutor a retirar o adesivo com água morna, umedecendo bem a região antes da remoção. Não é recomendado puxar o adesivo diretamente, pois isso pode danificar ou arrancar os pelos do pet.  Produto desenvolvido pela Autelie Moda Pet, especialista em acessórios para banho e tosa, com foco em qualidade, beleza e apresentação profissional.","15.9","","1","8","0","1","ADESIVOS","","a4edec29-956c-471d-b76f-a325c9a1ee77","7.39","0",""
"simple","C1100001","Adesivos  Copa Sortidos","1","hidden","0","Adesivos  Copa Sortidos","16.9","","1","29","0","1","ADESIVOS","","6ec349e7-a027-4427-86c6-0805b2a6b9ba","6.68","0",""
"simple","C1100017","Adesivos Corujinhas c/  10","1","hidden","0","Adesivo pet modelo Corujinhas, confeccionado em EVA, desenvolvido para proporcionar uma finalização delicada, divertida e encantadora após o banho e tosa.  Com alta fixação e excelente apresentação, é ideal para pet shops, centros de estética animal e profissionais que desejam oferecer um acessório criativo, rápido de aplicar e com maior durabilidade no pelo do pet.  ✅ Modelo Corujinhas ✅ Confeccionado em EVA ✅ Adesivo de alta fixação ✅ Aplicação prática e rápida ✅ Leve, delicado e confortável ✅ Modelo exatamente igual ao das fotos ✅ Ideal para fotos, entregas e finalização de banho e tosa ✅ Excelente opção para valorizar o atendimento e encantar os tutores  Conteúdo da embalagem: 10 adesivos Corujinhas em EVA.  Modelos Cores: O modelo é exatamente igual ao apresentado nas fotos. As cores são enviadas conforme disponibilidade em estoque no momento da separação do pedido.  Observação importante: Oriente o tutor a retirar o adesivo com água morna, umedecendo bem a região antes da remoção. Não é recomendado puxar o adesivo diretamente, pois isso pode danificar ou arrancar os pelos do pet.  Produto desenvolvido pela Autelie Moda Pet, especialista em acessórios para banho e tosa, com foco em qualidade, beleza e apresentação profissional.","14.9","","1","2","0","1","ADESIVOS","","922fa761-cac2-4701-a22b-72346c7e55f4","6.49","0",""
"simple","C1100019","Adesivos elefantinhos","1","hidden","0","Adesivo pet modelo elefantinho, confeccionado em EVA, desenvolvido para proporcionar uma finalização delicada, divertida e encantadora após o banho e tosa.  Com alta fixação e excelente apresentação, é ideal para pet shops, centros de estética animal e profissionais que desejam oferecer um acessório rápido de aplicar, bonito e com maior durabilidade no pelo do pet.  ✅ Modelo elefantinho ✅ Confeccionado em EVA ✅ Adesivo de alta fixação ✅ Aplicação prática e rápida ✅ Leve, delicado e confortável ✅ Modelo exatamente igual ao das fotos ✅ Ideal para fotos, entregas e finalização de banho e tosa ✅ Excelente opção para valorizar o atendimento e encantar os tutores  Conteúdo da embalagem: 12 adesivos elefantinho em EVA.  Modelos Cores: O modelo é exatamente igual ao apresentado nas fotos. As cores são enviadas conforme disponibilidade em estoque no momento da separação do pedido.  Observação importante: Oriente o tutor a retirar o adesivo com água morna, umedecendo bem a região antes da remoção. Não é recomendado puxar o adesivo diretamente, pois isso pode danificar ou arrancar os pelos do pet.  Produto desenvolvido pela Autelie Moda Pet, especialista em acessórios para banho e tosa, com foco em qualidade, beleza e apresentação profissional.","13.9","","1","3","0","1","ADESIVOS","","1d44a726-20d5-46ee-bedc-01b915cdf68f","5.59","0",""
"simple","C1100147","Adesivos Flash","1","hidden","0","Adesivos Flash","13.9","","1","3","0","0","ADESIVOS","","34694839-9aba-4199-8ebb-645e84e041ee","6","0",""
"simple","C1100150","Adesivos Florzinhas C/40","1","visible","0","<p>Adesivos pet em EVA, modelo florzinha, desenvolvidos para finalização profissional de banho e tosa. Produzidos em camada única, são leves e práticos para aplicação sobre a pelagem.</p><p><strong>Conteúdo:</strong> 40 unidades<br/><strong>Modelo:</strong> florzinha<br/><strong>Material:</strong> EVA<br/><strong>Cores:</strong> sortidas<br/><strong>Acabamento:</strong> camada única, sem sobreposição<br/><strong>Aplicação:</strong> diretamente sobre a pelagem do pet</p><p><strong>Fixação e remoção:</strong> fita dupla face de altíssima fixação, que normalmente permanece fixada por 7 a 15 dias, conforme a pelagem e a rotina do pet. Para remover, umedeça com água morna e retire delicadamente, sem puxar os pelos.</p><p><strong>Observação:</strong> as cores e tonalidades podem variar conforme a disponibilidade do material e o lote de produção.</p>","13.9","","1","1","0","0","ADESIVOS","","993f7779-5ba7-4605-8bc8-af8fe573aa6b","6","0",""
"simple","C1100163","Adesivos lacinhos","1","visible","0","Adesivos lacinhos","13.9","","1","5","0","0","LAÇOS","","3ead7004-80f5-4332-b328-7569fd28edd3","7","0",""
"simple","C1100146","Adesivos Macaquinho","1","visible","0","<p>Adesivos pet em EVA, modelo macaquinho, desenvolvidos para finalização profissional de banho e tosa. Produzidos com recortes sobrepostos e montagem em camadas, possuem acabamento detalhado e bem definido.</p><p><strong>Conteúdo:</strong> 10 unidades<br/><strong>Modelo:</strong> macaquinho<br/><strong>Material:</strong> EVA<br/><strong>Composição do pacote:</strong> todos os adesivos são iguais<br/><strong>Acabamento:</strong> montagem em camadas<br/><strong>Aplicação:</strong> diretamente sobre a pelagem do pet</p><p><strong>Fixação e remoção:</strong> fita dupla face de altíssima fixação, que normalmente permanece fixada por 7 a 15 dias, conforme a pelagem e a rotina do pet. Para remover, umedeça com água morna e retire delicadamente, sem puxar os pelos.</p><p><strong>Observação:</strong> as cores e tonalidades podem apresentar pequenas variações conforme o material utilizado e o lote de produção.</p>","13.9","","1","2","0","0","ADESIVOS","","4f1f2aef-d77c-4032-9a3a-5a1bc0c975fd","6","0",""
"simple","C1100020","Adesivos Marcas","1","hidden","0","Adesivo pet modelo Marcas, confeccionado em EVA, desenvolvido para proporcionar uma finalização moderna, divertida e diferenciada após o banho e tosa.  Com alta fixação e excelente apresentação, é ideal para pet shops, centros de estética animal e profissionais que desejam oferecer um acessório criativo, rápido de aplicar e com maior durabilidade no pelo do pet.  ✅ Modelo Marcas ✅ Confeccionado em EVA ✅ Adesivo de alta fixação ✅ Aplicação prática e rápida ✅ Leve, confortável e estiloso ✅ Modelos iguais no pacote ✅ Modelo exatamente igual ao das fotos ✅ Ideal para fotos, entregas e finalização de banho e tosa ✅ Excelente opção para valorizar o atendimento e encantar os tutores  Conteúdo da embalagem: 12 adesivos Marcas em EVA.  Modelos Cores: O pacote contém 12 adesivos do mesmo modelo, exatamente igual ao apresentado nas fotos. As cores são enviadas conforme disponibilidade em estoque no momento da separação do pedido.  Observação importante: Oriente o tutor a retirar o adesivo com água morna, umedecendo bem a região antes da remoção. Não é recomendado puxar o adesivo diretamente, pois isso pode danificar ou arrancar os pelos do pet.  Produto desenvolvido pela Autelie Moda Pet, especialista em acessórios para banho e tosa, com foco em qualidade, beleza e apresentação profissional.","14.9","","1","12","0","1","ADESIVOS","","b3816fbc-6f2f-4303-8386-9a87424ac01f","6.49","0",""
"simple","C1100021","Adesivos Marcas Misto","1","hidden","0","Adesivos Marcas Misto","14.9","","1","0","0","1","ADESIVOS","","433967b8-8acf-4246-8056-b95856446ea2","6.49","0",""
"simple","C1100148","Adesivos Melancia","1","visible","0","<p>Adesivos pet em EVA, modelo fatia de melancia, desenvolvidos para finalização profissional de banho e tosa. Produzidos com recortes sobrepostos e montagem em camadas, possuem acabamento brilhante e bem definido.</p><p><strong>Conteúdo:</strong> 10 unidades<br/><strong>Modelo:</strong> fatia de melancia<br/><strong>Material:</strong> EVA<br/><strong>Cores:</strong> duas cores<br/><strong>Composição do pacote:</strong> todos os adesivos são iguais<br/><strong>Acabamento:</strong> montagem em camadas com efeito brilhante<br/><strong>Aplicação:</strong> diretamente sobre a pelagem do pet</p><p><strong>Fixação e remoção:</strong> fita dupla face de altíssima fixação, que normalmente permanece fixada por 7 a 15 dias, conforme a pelagem e a rotina do pet. Para remover, umedeça com água morna e retire delicadamente, sem puxar os pelos.</p><p><strong>Observação:</strong> as cores e tonalidades podem apresentar pequenas variações conforme o material utilizado e o lote de produção.</p>","13.9","","1","3","0","0","ADESIVOS","","75e175ad-4d16-48ad-a5f2-9a1f36c5b6c2","6","0",""
"simple","C1100161","Adesivos Misto C/10","1","visible","0","<p>Adesivos pet em EVA, com modelos variados, desenvolvidos para finalização profissional de banho e tosa. Produzidos em uma única camada, possuem acabamento simples, leve e prático para aplicação sobre a pelagem.</p><p><strong>Conteúdo:</strong> 20 unidades<br/><strong>Material:</strong> EVA<br/><strong>Modelos:</strong> variados<br/><strong>Cores:</strong> sortidas<br/><strong>Composição do pacote:</strong> diversos modelos e combinações de cores<br/><strong>Acabamento:</strong> camada única, sem sobreposição<br/><strong>Aplicação:</strong> diretamente sobre a pelagem do pet</p><p><strong>Fixação e remoção:</strong> fita dupla face de altíssima fixação, que normalmente permanece fixada por 7 a 15 dias, conforme a pelagem e a rotina do pet. Para remover, umedeça com água morna e retire delicadamente, sem puxar os pelos.</p><p><strong>Observação:</strong> os modelos, cores e tonalidades podem variar conforme a disponibilidade e o lote de produção.</p>","13.9","","1","2","0","0","ADESIVOS","","db7ac61b-c9ce-4fbe-999a-c317c5eaa92a","6","0",""
"simple","C1100152","Adesivos Misto C/20 - Diversos","1","visible","0","<p>Adesivos pet em EVA, com modelos variados, desenvolvidos para finalização profissional de banho e tosa. Produzidos em uma única camada, possuem acabamento simples, leve e prático para aplicação sobre a pelagem.</p><p><strong>Conteúdo:</strong> 20 unidades<br/><strong>Material:</strong> EVA<br/><strong>Modelos:</strong> variados<br/><strong>Cores:</strong> sortidas<br/><strong>Composição do pacote:</strong> diversos modelos e combinações de cores<br/><strong>Acabamento:</strong> camada única, sem sobreposição<br/><strong>Aplicação:</strong> diretamente sobre a pelagem do pet</p><p><strong>Fixação e remoção:</strong> fita dupla face de altíssima fixação, que normalmente permanece fixada por 7 a 15 dias, conforme a pelagem e a rotina do pet. Para remover, umedeça com água morna e retire delicadamente, sem puxar os pelos.</p><p><strong>Observação:</strong> os modelos, cores e tonalidades podem variar conforme a disponibilidade e o lote de produção.</p>","12.9","","1","15","0","0","ADESIVOS","","e46aab6c-ff63-4c7e-8ed0-a06d6231ca72","6","0",""
"simple","C1100151","Adesivos Mistos C/25 - Diversos","1","visible","0","<p>Adesivos pet em EVA, com modelos variados, desenvolvidos para finalização profissional de banho e tosa. Produzidos em uma única camada, possuem acabamento simples, leve e prático para aplicação sobre a pelagem.</p><p><strong>Conteúdo:</strong> 25 unidades<br/><strong>Material:</strong> EVA<br/><strong>Modelos:</strong> variados<br/><strong>Cores:</strong> sortidas<br/><strong>Composição do pacote:</strong> diversos modelos e combinações de cores<br/><strong>Acabamento:</strong> camada única, sem sobreposição<br/><strong>Aplicação:</strong> diretamente sobre a pelagem do pet</p><p><strong>Fixação e remoção:</strong> fita dupla face de altíssima fixação, que normalmente permanece fixada por 7 a 15 dias, conforme a pelagem e a rotina do pet. Para remover, umedeça com água morna e retire delicadamente, sem puxar os pelos.</p><p><strong>Observação:</strong> os modelos, cores e tonalidades podem variar conforme a disponibilidade e o lote de produção.</p>","13.9","","1","14","0","0","ADESIVOS","","2a8931cd-7013-43f0-80ab-e066c494a420","6","0",""
"simple","C1100149","Adesivos Morango","1","visible","0","<p>Adesivos pet em EVA, modelo morango, desenvolvidos para finalização profissional de banho e tosa. Produzidos com recortes sobrepostos e montagem em camadas, possuem acabamento brilhante e bem definido.</p><p><strong>Conteúdo:</strong> 10 unidades<br/><strong>Modelo:</strong> morango<br/><strong>Material:</strong> EVA<br/><strong>Composição do pacote:</strong> todos os adesivos são iguais<br/><strong>Acabamento:</strong> montagem em camadas com efeito brilhante<br/><strong>Aplicação:</strong> diretamente sobre a pelagem do pet</p><p><strong>Fixação e remoção:</strong> fita dupla face de altíssima fixação, que normalmente permanece fixada por 7 a 15 dias, conforme a pelagem e a rotina do pet. Para remover, umedeça com água morna e retire delicadamente, sem puxar os pelos.</p><p><strong>Observação:</strong> as cores e tonalidades podem apresentar pequenas variações conforme o material utilizado e o lote de produção.</p>","13.9","","1","1","0","0","ADESIVOS","","9f3728d6-2587-4101-93f0-a20e06f37db4","6","0",""
"simple","C1100022","Adesivos Nuvenzinha c/ 12","1","hidden","0","Adesivo pet modelo Nuvenzinha, confeccionado em EVA, desenvolvido para proporcionar uma finalização delicada, fofa e encantadora após o banho e tosa.  Com alta fixação e excelente apresentação, é ideal para pet shops, centros de estética animal e profissionais que desejam oferecer um acessório criativo, rápido de aplicar e com maior durabilidade no pelo do pet.  ✅ Modelo Nuvenzinha ✅ Confeccionado em EVA ✅ Adesivo de alta fixação ✅ Aplicação prática e rápida ✅ Leve, delicado e confortável ✅ Modelo exatamente igual ao das fotos ✅ Ideal para fotos, entregas e finalização de banho e tosa ✅ Excelente opção para valorizar o atendimento e encantar os tutores  Conteúdo da embalagem: 12 adesivos Nuvenzinha em EVA.  Modelos Cores: O modelo é exatamente igual ao apresentado nas fotos. As cores são enviadas conforme disponibilidade em estoque no momento da separação do pedido.  Observação importante: Oriente o tutor a retirar o adesivo com água morna, umedecendo bem a região antes da remoção. Não é recomendado puxar o adesivo diretamente, pois isso pode danificar ou arrancar os pelos do pet.  Produto desenvolvido pela Autelie Moda Pet, especialista em acessórios para banho e tosa, com foco em qualidade, beleza e apresentação profissional.","14.9","","1","1","0","1","ADESIVOS","","b85568ab-d3d3-4644-ab0c-7b354ca2059d","6.49","0",""
"simple","C1100133","Adesivos Ratinho Misto","1","visible","0","<p>Adesivos pet em EVA, modelo ratinho, desenvolvidos para finalização profissional de banho e tosa. Produzidos com recortes sobrepostos e montagem em camadas, possuem acabamento brilhante e combinações variadas.</p><p><strong>Conteúdo:</strong> 10 unidades<br/><strong>Material:</strong> EVA<br/><strong>Modelos:</strong> sortidos<br/><strong>Cores:</strong> sortidas<br/><strong>Composição do pacote:</strong> diferentes modelos e combinações de cores<br/><strong>Acabamento:</strong> montagem em camadas com efeito brilhante<br/><strong>Aplicação:</strong> diretamente sobre a pelagem do pet</p><p><strong>Fixação e remoção:</strong> fita dupla face de altíssima fixação, que normalmente permanece fixada por 7 a 15 dias, conforme a pelagem e a rotina do pet. Para remover, umedeça com água morna e retire delicadamente, sem puxar os pelos.</p><p><strong>Observação:</strong> os modelos, cores e tonalidades podem variar conforme a disponibilidade e o lote de produção.</p>","14.9","","1","19","0","0","ADESIVOS","","fb1da600-9002-4fc9-9bd3-45758ba96499","5","0",""
"simple","C1100023","Adesivos São João - DIVERSOS","1","visible","0","<p>Adesivos pet em EVA, com modelos temáticos de São João, desenvolvidos para finalização profissional de banho e tosa. O pacote reúne diferentes formatos, cores e tipos de acabamento.</p><p><strong>Conteúdo:</strong> 10 unidades<br/><strong>Tema:</strong> São João<br/><strong>Material:</strong> EVA<br/><strong>Modelos:</strong> variados<br/><strong>Cores:</strong> diversas<br/><strong>Composição do pacote:</strong> combinação de adesivos simples e adesivos montados em camadas<br/><strong>Aplicação:</strong> diretamente sobre a pelagem do pet</p><p><strong>Fixação e remoção:</strong> fita dupla face de altíssima fixação, que normalmente permanece fixada por 7 a 15 dias, conforme a pelagem e a rotina do pet. Para remover, umedeça com água morna e retire delicadamente, sem puxar os pelos.</p><p><strong>Observação:</strong> os modelos, cores e tonalidades podem variar conforme a disponibilidade e o lote de produção.</p>","13.9","","1","32","0","1","ADESIVOS","","ff7391d5-d5b3-48cc-a8e5-9a5ebec5abe9","6.09","0",""
"simple","C1100025","Babador Feltro","1","visible","0","<p>Babadores pet em feltro, desenvolvidos para finalização profissional de banho e tosa e para fotografias. São utilizados ao redor do pescoço do pet e proporcionam uma apresentação delicada e diferenciada.</p><p><strong>Conteúdo:</strong> 4 unidades<br/><strong>Tamanho:</strong> único<br/><strong>Material:</strong> feltro<br/><strong>Aplicação:</strong> ao redor do pescoço do pet<br/><strong>Fechamento:</strong> por amarração<br/><strong>Cores:</strong> iguais dentro do mesmo pacote, conforme disponibilidade<br/><strong>Apliques:</strong> modelos variados</p><p><strong>Observação:</strong> a cor do pacote pode variar conforme a disponibilidade de estoque. Os apliques decorativos também podem variar entre as unidades. As cores e tonalidades podem apresentar pequenas diferenças conforme o material e o lote de produção.</p>","19.9","","1","5","0","1","BABADOR","","3a6edf75-6d32-4631-a761-fb1b62f5edbb","11.8","0",""
"simple","C1100157","Bandana dia  dos pais M - Unissex","1","hidden","0","Bandana dia  dos pais M - Unissex","21.9","","1","11","0","0","DIA DOS PAIS","","ef2aef43-67c4-4b89-8be2-6f7b8d9575b8","18.69","0",""
"simple","C1100123","Bandana G - Copa","1","visible","0","<p>Bandanas pet com temática Copa tamanho G, confeccionadas em tecido de poliéster para finalização profissional de banho e tosa. Possuem acabamento com viés de TNT e estampas selecionadas dentro do padrão do produto.</p><p><strong>Conteúdo:</strong> 10 unidades<br/><strong>Tamanho:</strong> G<br/><strong>Material:</strong> tecido de poliéster<br/><strong>Acabamento:</strong> viés de TNT<br/><strong>Tema:</strong> Copa<br/><strong>Composição do pacote:</strong> 5 estampas diferentes, com 2 unidades de cada estampa</p><p><strong>Observação:</strong> as estampas, cores e tonalidades — inclusive a cor do viés — podem variar conforme o material disponível e o lote de produção.</p>","29.9","","1","7","0","0","COPA","","4ce9b8e7-909f-46be-bf30-85c8648998c4","23.24","0",""
"simple","C1100160","Bandana G - Dia dos Pais","1","visible","0","<p>Bandanas pet feminino tamanho G, confeccionadas em tecido de poliéster para finalização profissional de banho e tosa. Possuem acabamento com viés de TNT e estampas selecionadas dentro do padrão do produto.</p><p><strong>Conteúdo:</strong> 10 unidades<br/><strong>Tamanho:</strong> G<br/><strong>Material:</strong> tecido de poliéster<br/><strong>Acabamento:</strong> viés de TNT<br/><strong>Modelo:</strong> feminino<br/><strong>Tema:</strong> conforme disponibilidade ou solicitação do cliente<br/><strong>Composição do pacote:</strong> 5 estampas diferentes, com 2 unidades de cada estampa</p><p><strong>Observação:</strong> as estampas, cores e tonalidades — inclusive a cor do viés — podem variar conforme o material disponível e o lote de produção.</p>","29.9","","1","-2","0","1","BANDANAS","","037ed9ab-4691-4ecf-94b9-f1833c14c31a","23.24","0",""
"simple","C1100026","Bandana G - Femea (Vies)","1","visible","0","<p>Bandanas pet feminino tamanho G, confeccionadas em tecido de poliéster para finalização profissional de banho e tosa. Possuem acabamento com viés de TNT e estampas selecionadas dentro do padrão do produto.</p><p><strong>Conteúdo:</strong> 10 unidades<br/><strong>Tamanho:</strong> G<br/><strong>Material:</strong> tecido de poliéster<br/><strong>Acabamento:</strong> viés de TNT<br/><strong>Modelo:</strong> feminino<br/><strong>Tema:</strong> conforme disponibilidade ou solicitação do cliente<br/><strong>Composição do pacote:</strong> 5 estampas diferentes, com 2 unidades de cada estampa</p><p><strong>Observação:</strong> as estampas, cores e tonalidades — inclusive a cor do viés — podem variar conforme o material disponível e o lote de produção.</p>","29.9","","1","6","0","1","BANDANAS","","5c4808a5-70f0-4bb3-9951-3c1a797a8dbc","23.24","0",""
"simple","C1100103","Bandana G - São João","1","visible","0","<p>Bandanas pet com temática São João tamanho G, confeccionadas em tecido de poliéster para finalização profissional de banho e tosa. Possuem acabamento com viés de TNT e estampas selecionadas dentro do padrão do produto.</p><p><strong>Conteúdo:</strong> 10 unidades<br/><strong>Tamanho:</strong> G<br/><strong>Material:</strong> tecido de poliéster<br/><strong>Acabamento:</strong> viés de TNT<br/><strong>Tema:</strong> São João<br/><strong>Composição do pacote:</strong> 5 estampas diferentes, com 2 unidades de cada estampa</p><p><strong>Observação:</strong> as estampas, cores e tonalidades — inclusive a cor do viés — podem variar conforme o material disponível e o lote de produção.</p>","29.9","","1","5","0","1","BANDANAS","","c3891095-0b15-4e13-854d-104f2eaded6b","23.24","0",""
"simple","C1100027","Bandana G - Unissex (vies)","1","visible","0","<p>Bandanas pet unissex tamanho G, confeccionadas em tecido de poliéster para finalização profissional de banho e tosa. Possuem acabamento com viés de TNT e estampas selecionadas dentro do padrão do produto.</p><p><strong>Conteúdo:</strong> 10 unidades<br/><strong>Tamanho:</strong> G<br/><strong>Material:</strong> tecido de poliéster<br/><strong>Acabamento:</strong> viés de TNT<br/><strong>Modelo:</strong> unissex<br/><strong>Tema:</strong> conforme disponibilidade ou solicitação do cliente<br/><strong>Composição do pacote:</strong> 5 estampas diferentes, com 2 unidades de cada estampa</p><p><strong>Observação:</strong> as estampas, cores e tonalidades — inclusive a cor do viés — podem variar conforme o material disponível e o lote de produção.</p>","29.9","","1","9","0","1","BANDANAS","","f29faaca-fe38-4cd6-96aa-399d850c3ae5","23.24","0",""
"simple","C1100028","Bandana G -Macho (Vies)","1","visible","0","<p>Bandanas pet masculino tamanho G, confeccionadas em tecido de poliéster para finalização profissional de banho e tosa. Possuem acabamento com viés de TNT e estampas selecionadas dentro do padrão do produto.</p><p><strong>Conteúdo:</strong> 10 unidades<br/><strong>Tamanho:</strong> G<br/><strong>Material:</strong> tecido de poliéster<br/><strong>Acabamento:</strong> viés de TNT<br/><strong>Modelo:</strong> masculino<br/><strong>Tema:</strong> conforme disponibilidade ou solicitação do cliente<br/><strong>Composição do pacote:</strong> 5 estampas diferentes, com 2 unidades de cada estampa</p><p><strong>Observação:</strong> as estampas, cores e tonalidades — inclusive a cor do viés — podem variar conforme o material disponível e o lote de produção.</p>","29.9","","1","16","0","1","BANDANAS","","86b33660-da21-4307-a7c2-13eaffed1e73","23.24","0",""
"simple","C1100029","Bandana GG - Femea (Vies)","1","visible","0","<p>Bandanas pet feminino tamanho GG, confeccionadas em tecido de poliéster para finalização profissional de banho e tosa. Possuem acabamento com viés de TNT e estampas selecionadas dentro do padrão do produto.</p><p><strong>Conteúdo:</strong> 10 unidades<br/><strong>Tamanho:</strong> GG<br/><strong>Material:</strong> tecido de poliéster<br/><strong>Acabamento:</strong> viés de TNT<br/><strong>Modelo:</strong> feminino<br/><strong>Tema:</strong> conforme disponibilidade ou solicitação do cliente<br/><strong>Composição do pacote:</strong> 5 estampas diferentes, com 2 unidades de cada estampa</p><p><strong>Observação:</strong> as estampas, cores e tonalidades — inclusive a cor do viés — podem variar conforme o material disponível e o lote de produção.</p>","44.9","","1","6","0","1","BANDANAS","","86b89455-7380-484b-874a-6beaa0e286a6","28.04","0",""
"simple","C1100125","Bandana GG - São João","1","visible","0","<p>Bandanas pet com temática São João tamanho GG, confeccionadas em tecido de poliéster para finalização profissional de banho e tosa. Possuem acabamento com viés de TNT e estampas selecionadas dentro do padrão do produto.</p><p><strong>Conteúdo:</strong> 10 unidades<br/><strong>Tamanho:</strong> GG<br/><strong>Material:</strong> tecido de poliéster<br/><strong>Acabamento:</strong> viés de TNT<br/><strong>Tema:</strong> São João<br/><strong>Composição do pacote:</strong> 5 estampas diferentes, com 2 unidades de cada estampa</p><p><strong>Observação:</strong> as estampas, cores e tonalidades — inclusive a cor do viés — podem variar conforme o material disponível e o lote de produção.</p>","44.9","","0","","","0","FESTA JUNINA","","6f782521-2915-46c0-810e-13504accd540","28.04","0",""
"simple","C1100030","Bandana GG - Unissex (vies)","1","visible","0","<p>Bandanas pet unissex tamanho GG, confeccionadas em tecido de poliéster para finalização profissional de banho e tosa. Possuem acabamento com viés de TNT e estampas selecionadas dentro do padrão do produto.</p><p><strong>Conteúdo:</strong> 10 unidades<br/><strong>Tamanho:</strong> GG<br/><strong>Material:</strong> tecido de poliéster<br/><strong>Acabamento:</strong> viés de TNT<br/><strong>Modelo:</strong> unissex<br/><strong>Tema:</strong> conforme disponibilidade ou solicitação do cliente<br/><strong>Composição do pacote:</strong> 5 estampas diferentes, com 2 unidades de cada estampa</p><p><strong>Observação:</strong> as estampas, cores e tonalidades — inclusive a cor do viés — podem variar conforme o material disponível e o lote de produção.</p>","44.9","","1","8","0","1","BANDANAS","","d95a5b4e-a816-4c43-9f63-7a617fed6e15","28.04","0",""
"simple","C1100031","Bandana GG -Macho (Vies)","1","visible","0","<p>Bandanas pet masculino tamanho GG, confeccionadas em tecido de poliéster para finalização profissional de banho e tosa. Possuem acabamento com viés de TNT e estampas selecionadas dentro do padrão do produto.</p><p><strong>Conteúdo:</strong> 10 unidades<br/><strong>Tamanho:</strong> GG<br/><strong>Material:</strong> tecido de poliéster<br/><strong>Acabamento:</strong> viés de TNT<br/><strong>Modelo:</strong> masculino<br/><strong>Tema:</strong> conforme disponibilidade ou solicitação do cliente<br/><strong>Composição do pacote:</strong> 5 estampas diferentes, com 2 unidades de cada estampa</p><p><strong>Observação:</strong> as estampas, cores e tonalidades — inclusive a cor do viés — podem variar conforme o material disponível e o lote de produção.</p>","44.9","","1","3","0","1","BANDANAS","","71f76ea9-0212-4650-8299-dfcba690408c","28.04","0",""
"simple","C1100032","Bandana Lencinho - Sortidas","1","visible","0","<p>Bandanas pet tamanho M, confeccionadas em tecido de poliéster ou tricoline para finalização profissional de banho e tosa. Possuem acabamento em overloque, sem viés, proporcionando leveza e bom caimento.</p><p><strong>Conteúdo:</strong> 10 unidades<br/><strong>Tamanho:</strong> M<br/><strong>Material:</strong> tecido de poliéster ou tricoline<br/><strong>Acabamento:</strong> overloque<br/><strong>Estampas:</strong> sortidas, conforme disponibilidade</p><p><strong>Observação:</strong> as estampas, cores e tonalidades podem variar conforme o material disponível e o lote de produção.</p>","22.9","","1","8","0","1","BANDANAS","","6f365885-59ae-4f66-b3ab-4c5d4f5f60c6","15","0",""
"simple","C1100139","Bandana Lencinho Estampada - G","1","visible","0","<p>Bandanas pet tamanho G, confeccionadas em tecido de poliéster ou tricoline para finalização profissional de banho e tosa. Possuem acabamento em overloque, sem viés, proporcionando leveza e bom caimento.</p><p><strong>Conteúdo:</strong> 10 unidades<br/><strong>Tamanho:</strong> G<br/><strong>Material:</strong> tecido de poliéster ou tricoline<br/><strong>Acabamento:</strong> overloque<br/><strong>Estampas:</strong> sortidas, conforme disponibilidade</p><p><strong>Observação:</strong> as estampas, cores e tonalidades podem variar conforme o material disponível e o lote de produção.</p>","27.9","","1","4","0","0","BANDANAS","","7834ee2f-5b75-4e66-86be-53f95b8c154c","15.89","0",""
"simple","C1100138","Bandana Lencinho Estampada - M","1","hidden","0","<p>Bandanas pet tamanho M, confeccionadas em tecido de poliéster ou tricoline para finalização profissional de banho e tosa. Possuem acabamento em overloque, sem viés, proporcionando leveza e bom caimento.</p><p><strong>Conteúdo:</strong> 10 unidades<br/><strong>Tamanho:</strong> M<br/><strong>Material:</strong> tecido de poliéster ou tricoline<br/><strong>Acabamento:</strong> overloque<br/><strong>Estampas:</strong> sortidas, conforme disponibilidade</p><p><strong>Observação:</strong> as estampas, cores e tonalidades podem variar conforme o material disponível e o lote de produção.</p>","21.9","","1","35","0","0","BANDANAS","","bba06313-d441-4d59-91bb-afe61ce58cf0","12.89","0",""
"simple","C1100137","Bandana Lencinho Estampada - P","1","hidden","0","<p>Bandanas pet tamanho P, confeccionadas em tecido de poliéster ou tricoline para finalização profissional de banho e tosa. Possuem acabamento em overloque, sem viés, proporcionando leveza e bom caimento.</p><p><strong>Conteúdo:</strong> 10 unidades<br/><strong>Tamanho:</strong> P<br/><strong>Material:</strong> tecido de poliéster ou tricoline<br/><strong>Acabamento:</strong> overloque<br/><strong>Estampas:</strong> sortidas, conforme disponibilidade</p><p><strong>Observação:</strong> as estampas, cores e tonalidades podem variar conforme o material disponível e o lote de produção.</p>","17.9","","1","31","0","0","BANDANAS","","71b66c02-ecb7-41ba-ad57-1ebd17383248","10.29","0",""
"simple","C1100058","Bandana M - Copa","1","visible","0","<p>Bandanas pet com temática Copa tamanho M, confeccionadas em tecido de poliéster para finalização profissional de banho e tosa. Possuem acabamento com viés de TNT e estampas selecionadas dentro do padrão do produto.</p><p><strong>Conteúdo:</strong> 10 unidades<br/><strong>Tamanho:</strong> M<br/><strong>Material:</strong> tecido de poliéster<br/><strong>Acabamento:</strong> viés de TNT<br/><strong>Tema:</strong> Copa<br/><strong>Composição do pacote:</strong> 5 estampas diferentes, com 2 unidades de cada estampa</p><p><strong>Observação:</strong> as estampas, cores e tonalidades — inclusive a cor do viés — podem variar conforme o material disponível e o lote de produção.</p>","21.9","","1","15","0","1","BANDANAS","","b65fca55-2bd0-4d11-86af-34d431932dd7","18.69","0",""
"simple","C1100034","Bandana M - Femea (Vies)","1","visible","0","<p>Bandanas pet feminino tamanho M, confeccionadas em tecido de poliéster para finalização profissional de banho e tosa. Possuem acabamento com viés de TNT e estampas selecionadas dentro do padrão do produto.</p><p><strong>Conteúdo:</strong> 10 unidades<br/><strong>Tamanho:</strong> M<br/><strong>Material:</strong> tecido de poliéster<br/><strong>Acabamento:</strong> viés de TNT<br/><strong>Modelo:</strong> feminino<br/><strong>Tema:</strong> conforme disponibilidade ou solicitação do cliente<br/><strong>Composição do pacote:</strong> 5 estampas diferentes, com 2 unidades de cada estampa</p><p><strong>Observação:</strong> as estampas, cores e tonalidades — inclusive a cor do viés — podem variar conforme o material disponível e o lote de produção.</p>","21.9","","1","39","0","1","BANDANAS","","5deabbe6-742b-4de0-b6ef-fd51445ddc79","18.69","0",""
"simple","C1100044","Bandana M - São João","1","visible","0","<p>Bandanas pet com temática São João tamanho M, confeccionadas em tecido de poliéster para finalização profissional de banho e tosa. Possuem acabamento com viés de TNT e estampas selecionadas dentro do padrão do produto.</p><p><strong>Conteúdo:</strong> 10 unidades<br/><strong>Tamanho:</strong> M<br/><strong>Material:</strong> tecido de poliéster<br/><strong>Acabamento:</strong> viés de TNT<br/><strong>Tema:</strong> São João<br/><strong>Composição do pacote:</strong> 5 estampas diferentes, com 2 unidades de cada estampa</p><p><strong>Observação:</strong> as estampas, cores e tonalidades — inclusive a cor do viés — podem variar conforme o material disponível e o lote de produção.</p>","21.9","","1","26","0","1","BANDANAS","","b31396ac-10f5-474d-8fb3-2cf5123fa34c","18.69","0",""
"simple","C1100035","Bandana M - Unissex (vies)","1","visible","0","<p>Bandanas pet unissex tamanho M, confeccionadas em tecido de poliéster para finalização profissional de banho e tosa. Possuem acabamento com viés de TNT e estampas selecionadas dentro do padrão do produto.</p><p><strong>Conteúdo:</strong> 10 unidades<br/><strong>Tamanho:</strong> M<br/><strong>Material:</strong> tecido de poliéster<br/><strong>Acabamento:</strong> viés de TNT<br/><strong>Modelo:</strong> unissex<br/><strong>Tema:</strong> conforme disponibilidade ou solicitação do cliente<br/><strong>Composição do pacote:</strong> 5 estampas diferentes, com 2 unidades de cada estampa</p><p><strong>Observação:</strong> as estampas, cores e tonalidades — inclusive a cor do viés — podem variar conforme o material disponível e o lote de produção.</p>","21.9","","1","36","0","1","BANDANAS","","a6262902-5779-47a0-a3e3-2faa0373a90d","18.69","0",""
"simple","C1100036","Bandana M -Macho (Vies)","1","visible","0","<p>Bandanas pet masculino tamanho M, confeccionadas em tecido de poliéster para finalização profissional de banho e tosa. Possuem acabamento com viés de TNT e estampas selecionadas dentro do padrão do produto.</p><p><strong>Conteúdo:</strong> 10 unidades<br/><strong>Tamanho:</strong> M<br/><strong>Material:</strong> tecido de poliéster<br/><strong>Acabamento:</strong> viés de TNT<br/><strong>Modelo:</strong> masculino<br/><strong>Tema:</strong> conforme disponibilidade ou solicitação do cliente<br/><strong>Composição do pacote:</strong> 5 estampas diferentes, com 2 unidades de cada estampa</p><p><strong>Observação:</strong> as estampas, cores e tonalidades — inclusive a cor do viés — podem variar conforme o material disponível e o lote de produção.</p>","21.9","","1","57","0","1","BANDANAS","","e87c549b-ee3c-445e-9c17-2e098bf1af5e","18.69","0",""
"simple","C1100136","Bandana Neon - G","1","visible","0","<p>Bandanas pet tamanho G, confeccionadas em tecido de poliéster ou tricoline em cores neon para finalização profissional de banho e tosa. Possuem acabamento em overloque, sem viés, proporcionando leveza e bom caimento.</p><p><strong>Conteúdo:</strong> 10 unidades<br/><strong>Tamanho:</strong> G<br/><strong>Material:</strong> tecido de poliéster ou tricoline<br/><strong>Acabamento:</strong> overloque<br/><strong>Cores:</strong> neon sortidas, conforme disponibilidade</p><p><strong>Observação:</strong> as cores e tonalidades podem variar conforme o material disponível e o lote de produção.</p>","25.9","","1","4","0","0","BANDANAS","","2922f24c-ac96-4fb4-aa6e-5580cd8dedff","12.39","0",""
"simple","C1100135","Bandana Neon - M","1","visible","0","<p>Bandanas pet tamanho M, confeccionadas em tecido de poliéster ou tricoline em cores neon para finalização profissional de banho e tosa. Possuem acabamento em overloque, sem viés, proporcionando leveza e bom caimento.</p><p><strong>Conteúdo:</strong> 10 unidades<br/><strong>Tamanho:</strong> M<br/><strong>Material:</strong> tecido de poliéster ou tricoline<br/><strong>Acabamento:</strong> overloque<br/><strong>Cores:</strong> neon sortidas, conforme disponibilidade</p><p><strong>Observação:</strong> as cores e tonalidades podem variar conforme o material disponível e o lote de produção.</p>","20.9","","1","8","0","0","BANDANAS","","97de80cb-4538-429e-956a-bae5e8851e9f","10.44","0",""
"simple","C1100134","Bandana Neon - P","1","visible","0","<p>Bandanas pet tamanho P, confeccionadas em tecido de poliéster ou tricoline em cores neon para finalização profissional de banho e tosa. Possuem acabamento em overloque, sem viés, proporcionando leveza e bom caimento.</p><p><strong>Conteúdo:</strong> 10 unidades<br/><strong>Tamanho:</strong> P<br/><strong>Material:</strong> tecido de poliéster ou tricoline<br/><strong>Acabamento:</strong> overloque<br/><strong>Cores:</strong> neon sortidas, conforme disponibilidade</p><p><strong>Observação:</strong> as cores e tonalidades podem variar conforme o material disponível e o lote de produção.</p>","16.9","","1","2","0","0","BANDANAS","","6c16dbf0-922b-4a52-a5b6-1f3defdf61e2","8.64","0",""
"simple","C1100124","Bandana P - Copa","1","visible","0","<p>Bandanas pet com temática Copa tamanho P, confeccionadas em tecido de poliéster para finalização profissional de banho e tosa. Possuem acabamento com viés de TNT e estampas selecionadas dentro do padrão do produto.</p><p><strong>Conteúdo:</strong> 10 unidades<br/><strong>Tamanho:</strong> P<br/><strong>Material:</strong> tecido de poliéster<br/><strong>Acabamento:</strong> viés de TNT<br/><strong>Tema:</strong> Copa<br/><strong>Composição do pacote:</strong> 5 estampas diferentes, com 2 unidades de cada estampa</p><p><strong>Observação:</strong> as estampas, cores e tonalidades — inclusive a cor do viés — podem variar conforme o material disponível e o lote de produção.</p>","18.9","","1","14","0","0","COPA","","ac0ce271-09c2-43cc-9d2f-48770ee8a523","17.44","0",""
"simple","C1100037","Bandana P - Femea (Vies)","1","visible","0","<p>Bandanas pet feminino tamanho P, confeccionadas em tecido de poliéster para finalização profissional de banho e tosa. Possuem acabamento com viés de TNT e estampas selecionadas dentro do padrão do produto.</p><p><strong>Conteúdo:</strong> 10 unidades<br/><strong>Tamanho:</strong> P<br/><strong>Material:</strong> tecido de poliéster<br/><strong>Acabamento:</strong> viés de TNT<br/><strong>Modelo:</strong> feminino<br/><strong>Tema:</strong> conforme disponibilidade ou solicitação do cliente<br/><strong>Composição do pacote:</strong> 5 estampas diferentes, com 2 unidades de cada estampa</p><p><strong>Observação:</strong> as estampas, cores e tonalidades — inclusive a cor do viés — podem variar conforme o material disponível e o lote de produção.</p>","18.9","","1","18","0","1","BANDANAS","","8cf0751f-5889-4408-a41e-bcaeeabd1c7b","17.44","0",""
"simple","C1100038","Bandana P - Unissex (vies)","1","visible","0","<p>Bandanas pet unissex tamanho P, confeccionadas em tecido de poliéster para finalização profissional de banho e tosa. Possuem acabamento com viés de TNT e estampas selecionadas dentro do padrão do produto.</p><p><strong>Conteúdo:</strong> 10 unidades<br/><strong>Tamanho:</strong> P<br/><strong>Material:</strong> tecido de poliéster<br/><strong>Acabamento:</strong> viés de TNT<br/><strong>Modelo:</strong> unissex<br/><strong>Tema:</strong> conforme disponibilidade ou solicitação do cliente<br/><strong>Composição do pacote:</strong> 5 estampas diferentes, com 2 unidades de cada estampa</p><p><strong>Observação:</strong> as estampas, cores e tonalidades — inclusive a cor do viés — podem variar conforme o material disponível e o lote de produção.</p>","18.9","","1","28","0","1","BANDANAS","","f0f1f811-95bd-47f3-aaa6-4e211a05e90c","17.44","0",""
"simple","C1100039","Bandana P -Macho (Vies)","1","visible","0","<p>Bandanas pet masculino tamanho P, confeccionadas em tecido de poliéster para finalização profissional de banho e tosa. Possuem acabamento com viés de TNT e estampas selecionadas dentro do padrão do produto.</p><p><strong>Conteúdo:</strong> 10 unidades<br/><strong>Tamanho:</strong> P<br/><strong>Material:</strong> tecido de poliéster<br/><strong>Acabamento:</strong> viés de TNT<br/><strong>Modelo:</strong> masculino<br/><strong>Tema:</strong> conforme disponibilidade ou solicitação do cliente<br/><strong>Composição do pacote:</strong> 5 estampas diferentes, com 2 unidades de cada estampa</p><p><strong>Observação:</strong> as estampas, cores e tonalidades — inclusive a cor do viés — podem variar conforme o material disponível e o lote de produção.</p>","18.9","","1","32","0","1","BANDANAS","","b4414f67-1b06-4d0d-b94c-4fc7dcfa42b3","17.44","0",""
"simple","C1100085","Bandana São João - P","1","visible","0","<p>Bandanas pet com temática São João tamanho P, confeccionadas em tecido de poliéster para finalização profissional de banho e tosa. Possuem acabamento com viés de TNT e estampas selecionadas dentro do padrão do produto.</p><p><strong>Conteúdo:</strong> 10 unidades<br/><strong>Tamanho:</strong> P<br/><strong>Material:</strong> tecido de poliéster<br/><strong>Acabamento:</strong> viés de TNT<br/><strong>Tema:</strong> São João<br/><strong>Composição do pacote:</strong> 5 estampas diferentes, com 2 unidades de cada estampa</p><p><strong>Observação:</strong> as estampas, cores e tonalidades — inclusive a cor do viés — podem variar conforme o material disponível e o lote de produção.</p>","18.9","","1","9","0","1","FESTA JUNINA","","b1e22ec1-7628-42ed-94c8-c33618de13d4","17.44","0",""
"simple","C1100165","Borboleta Ponto de Luz","1","visible","0","Borboleta Ponto de Luz","14.9","","1","1","0","0","Outros","","e9eb0f62-568c-4fe7-aacd-f84ee8f3d383","5.9","0",""
"simple","C1100105","Cachecol G - Mod. 002  (Macho)","1","visible","0","<p>Cachecóis pet tamanho G em feltro, desenvolvidos para finalização profissional de banho e tosa. Possuem fechamento por transpasse, com uma abertura costurada por onde uma ponta passa dentro da outra, facilitando a colocação no pescoço do pet.</p><p><strong>Conteúdo:</strong> 10 unidades<br/><strong>Tamanho:</strong> G<br/><strong>Material:</strong> feltro<br/><strong>Fechamento:</strong> por transpasse<br/><strong>Estampas:</strong> sortidas<br/><strong>Composição do pacote:</strong> no máximo 2 unidades da mesma estampa<br/><strong>Tema:</strong> conforme disponibilidade ou tema escolhido pelo cliente</p><p><strong>Observação:</strong> as estampas, cores e tonalidades podem variar conforme o material disponível e o lote de produção.</p>","44.9","","0","","","1","INVERNO","","4451cc7e-3ef3-445e-83f6-16dcb0329e51","21.1","0",""
"simple","C1100093","Cachecol G - Mod. 002  (Macho)","1","hidden","0","<p>Cachecóis pet tamanho G em feltro, desenvolvidos para finalização profissional de banho e tosa. Possuem fechamento por transpasse, com uma abertura costurada por onde uma ponta passa dentro da outra, facilitando a colocação no pescoço do pet.</p><p><strong>Conteúdo:</strong> 10 unidades<br/><strong>Tamanho:</strong> G<br/><strong>Material:</strong> feltro<br/><strong>Fechamento:</strong> por transpasse<br/><strong>Estampas:</strong> sortidas<br/><strong>Composição do pacote:</strong> no máximo 2 unidades da mesma estampa<br/><strong>Tema:</strong> conforme disponibilidade ou tema escolhido pelo cliente</p><p><strong>Observação:</strong> as estampas, cores e tonalidades podem variar conforme o material disponível e o lote de produção.</p>","44.9","","0","","","1","INVERNO","","77f678fb-c2d8-43d5-8a05-43e18dfd9079","21.1","0",""
"simple","C1100095","Cachecol G - Mod. 004 Fêmea)","1","hidden","0","<p>Cachecóis pet tamanho G em feltro, desenvolvidos para finalização profissional de banho e tosa. Possuem fechamento por transpasse, com uma abertura costurada por onde uma ponta passa dentro da outra, facilitando a colocação no pescoço do pet.</p><p><strong>Conteúdo:</strong> 10 unidades<br/><strong>Tamanho:</strong> G<br/><strong>Material:</strong> feltro<br/><strong>Fechamento:</strong> por transpasse<br/><strong>Estampas:</strong> sortidas<br/><strong>Composição do pacote:</strong> no máximo 2 unidades da mesma estampa<br/><strong>Tema:</strong> conforme disponibilidade ou tema escolhido pelo cliente</p><p><strong>Observação:</strong> as estampas, cores e tonalidades podem variar conforme o material disponível e o lote de produção.</p>","44.9","","0","","","1","INVERNO","","348ee729-0a52-4237-bfe9-7814eececfbd","21.1","0",""
"simple","C1100104","Cachecol M - Mod. 001 (Macho)","1","visible","0","<p>Cachecóis pet tamanho M em feltro, desenvolvidos para finalização profissional de banho e tosa. Possuem fechamento por transpasse, com uma abertura costurada por onde uma ponta passa dentro da outra, facilitando a colocação no pescoço do pet.</p><p><strong>Conteúdo:</strong> 10 unidades<br/><strong>Tamanho:</strong> M<br/><strong>Material:</strong> feltro<br/><strong>Fechamento:</strong> por transpasse<br/><strong>Estampas:</strong> sortidas<br/><strong>Composição do pacote:</strong> no máximo 2 unidades da mesma estampa<br/><strong>Tema:</strong> conforme disponibilidade ou tema escolhido pelo cliente</p><p><strong>Observação:</strong> as estampas, cores e tonalidades podem variar conforme o material disponível e o lote de produção.</p>","32.9","","1","1","0","1","INVERNO","","049695e4-2178-4ada-af9f-a8ee7f716447","14.5","0",""
"simple","C1100088","Cachecol M - Mod. 004 (Fêmea)","1","visible","0","<p>Cachecóis pet tamanho M em feltro, desenvolvidos para finalização profissional de banho e tosa. Possuem fechamento por transpasse, com uma abertura costurada por onde uma ponta passa dentro da outra, facilitando a colocação no pescoço do pet.</p><p><strong>Conteúdo:</strong> 10 unidades<br/><strong>Tamanho:</strong> M<br/><strong>Material:</strong> feltro<br/><strong>Fechamento:</strong> por transpasse<br/><strong>Estampas:</strong> sortidas<br/><strong>Composição do pacote:</strong> no máximo 2 unidades da mesma estampa<br/><strong>Tema:</strong> conforme disponibilidade ou tema escolhido pelo cliente</p><p><strong>Observação:</strong> as estampas, cores e tonalidades podem variar conforme o material disponível e o lote de produção.</p>","32.9","","1","3","0","1","INVERNO","","19d0d41c-c750-4f9f-9f8b-d5d43474e8c4","14.5","0",""
"simple","C1100087","Cachecol M - Mod. 005 (Femêa)","1","visible","0","<p>Cachecóis pet tamanho M em feltro, desenvolvidos para finalização profissional de banho e tosa. Possuem fechamento por transpasse, com uma abertura costurada por onde uma ponta passa dentro da outra, facilitando a colocação no pescoço do pet.</p><p><strong>Conteúdo:</strong> 10 unidades<br/><strong>Tamanho:</strong> M<br/><strong>Material:</strong> feltro<br/><strong>Fechamento:</strong> por transpasse<br/><strong>Estampas:</strong> sortidas<br/><strong>Composição do pacote:</strong> no máximo 2 unidades da mesma estampa<br/><strong>Tema:</strong> conforme disponibilidade ou tema escolhido pelo cliente</p><p><strong>Observação:</strong> as estampas, cores e tonalidades podem variar conforme o material disponível e o lote de produção.</p>","32.9","","1","2","0","1","INVERNO","","fcff9d34-cc33-4898-bc56-9ec3bd672d85","14.5","0",""
"simple","C1100089","Cachecol M - Mod.002  (Fêmea)","1","visible","0","<p>Cachecóis pet tamanho M em feltro, desenvolvidos para finalização profissional de banho e tosa. Possuem fechamento por transpasse, com uma abertura costurada por onde uma ponta passa dentro da outra, facilitando a colocação no pescoço do pet.</p><p><strong>Conteúdo:</strong> 10 unidades<br/><strong>Tamanho:</strong> M<br/><strong>Material:</strong> feltro<br/><strong>Fechamento:</strong> por transpasse<br/><strong>Estampas:</strong> sortidas<br/><strong>Composição do pacote:</strong> no máximo 2 unidades da mesma estampa<br/><strong>Tema:</strong> conforme disponibilidade ou tema escolhido pelo cliente</p><p><strong>Observação:</strong> as estampas, cores e tonalidades podem variar conforme o material disponível e o lote de produção.</p>","32.9","","1","1","0","1","INVERNO","","d7930d72-2f8d-44a3-8048-9cb7ca72668b","14.5","0",""
"simple","C1100094","Cachecol M2 - Fêmea","1","visible","0","<p>Cachecóis pet tamanho M2 em feltro, desenvolvidos para finalização profissional de banho e tosa. Possuem fechamento por transpasse, com uma abertura costurada por onde uma ponta passa dentro da outra, facilitando a colocação no pescoço do pet.</p><p><strong>Conteúdo:</strong> 10 unidades<br/><strong>Tamanho:</strong> M2<br/><strong>Material:</strong> feltro<br/><strong>Fechamento:</strong> por transpasse<br/><strong>Estampas:</strong> sortidas<br/><strong>Composição do pacote:</strong> no máximo 2 unidades da mesma estampa<br/><strong>Tema:</strong> conforme disponibilidade ou tema escolhido pelo cliente</p><p><strong>Observação:</strong> as estampas, cores e tonalidades podem variar conforme o material disponível e o lote de produção.</p>","44.9","","1","5","0","1","INVERNO","","5d0f4d12-963a-46fb-8fc9-a8c30828cd2e","21.1","0",""
"simple","C1100092","Cachecol M2 - Macho","1","visible","0","<p>Cachecóis pet tamanho M2 em feltro, desenvolvidos para finalização profissional de banho e tosa. Possuem fechamento por transpasse, com uma abertura costurada por onde uma ponta passa dentro da outra, facilitando a colocação no pescoço do pet.</p><p><strong>Conteúdo:</strong> 10 unidades<br/><strong>Tamanho:</strong> M2<br/><strong>Material:</strong> feltro<br/><strong>Fechamento:</strong> por transpasse<br/><strong>Estampas:</strong> sortidas<br/><strong>Composição do pacote:</strong> no máximo 2 unidades da mesma estampa<br/><strong>Tema:</strong> conforme disponibilidade ou tema escolhido pelo cliente</p><p><strong>Observação:</strong> as estampas, cores e tonalidades podem variar conforme o material disponível e o lote de produção.</p>","44.9","","1","3","0","1","INVERNO","","c7dd9637-8482-4195-b1a0-04fd58f65aad","21.1","0",""
"simple","C1100086","Cachecol P - Fêmea","1","visible","0","<p>Cachecóis pet tamanho P em feltro, desenvolvidos para finalização profissional de banho e tosa. Possuem fechamento por transpasse, com uma abertura costurada por onde uma ponta passa dentro da outra, facilitando a colocação no pescoço do pet.</p><p><strong>Conteúdo:</strong> 10 unidades<br/><strong>Tamanho:</strong> P<br/><strong>Material:</strong> feltro<br/><strong>Fechamento:</strong> por transpasse<br/><strong>Estampas:</strong> sortidas<br/><strong>Composição do pacote:</strong> no máximo 2 unidades da mesma estampa<br/><strong>Tema:</strong> conforme disponibilidade ou tema escolhido pelo cliente</p><p><strong>Observação:</strong> as estampas, cores e tonalidades podem variar conforme o material disponível e o lote de produção.</p>","32.9","","1","5","0","1","INVERNO","","0f7df125-f1dd-4f2a-83ea-dcda8ae6495e","14.5","0",""
"simple","C1100084","Cachecol P - Macho","1","visible","0","<p>Cachecóis pet tamanho P em feltro, desenvolvidos para finalização profissional de banho e tosa. Possuem fechamento por transpasse, com uma abertura costurada por onde uma ponta passa dentro da outra, facilitando a colocação no pescoço do pet.</p><p><strong>Conteúdo:</strong> 10 unidades<br/><strong>Tamanho:</strong> P<br/><strong>Material:</strong> feltro<br/><strong>Fechamento:</strong> por transpasse<br/><strong>Estampas:</strong> sortidas<br/><strong>Composição do pacote:</strong> no máximo 2 unidades da mesma estampa<br/><strong>Tema:</strong> conforme disponibilidade ou tema escolhido pelo cliente</p><p><strong>Observação:</strong> as estampas, cores e tonalidades podem variar conforme o material disponível e o lote de produção.</p>","32.9","","1","15","0","1","INVERNO","","86227d4a-8141-48fc-8a7a-ccbf6f182952","14.5","0",""
"simple","C1100090","Cachecol P - Mod. 001 (Fêmea)","1","visible","0","<p>Cachecóis pet tamanho P em feltro, desenvolvidos para finalização profissional de banho e tosa. Possuem fechamento por transpasse, com uma abertura costurada por onde uma ponta passa dentro da outra, facilitando a colocação no pescoço do pet.</p><p><strong>Conteúdo:</strong> 10 unidades<br/><strong>Tamanho:</strong> P<br/><strong>Material:</strong> feltro<br/><strong>Fechamento:</strong> por transpasse<br/><strong>Estampas:</strong> sortidas<br/><strong>Composição do pacote:</strong> no máximo 2 unidades da mesma estampa<br/><strong>Tema:</strong> conforme disponibilidade ou tema escolhido pelo cliente</p><p><strong>Observação:</strong> as estampas, cores e tonalidades podem variar conforme o material disponível e o lote de produção.</p>","24.9","","1","1","0","1","INVERNO","","f0743863-f44f-4dba-8ba3-d18add3c96d9","15.5","0",""
"simple","C1100168","Cachecol P - Mod. 001 (unissex)","1","visible","0","<p>Cachecóis pet tamanho M em feltro, desenvolvidos para finalização profissional de banho e tosa. Possuem fechamento por transpasse, com uma abertura costurada por onde uma ponta passa dentro da outra, facilitando a colocação no pescoço do pet.</p><p><strong>Conteúdo:</strong> 10 unidades<br/><strong>Tamanho:</strong> M<br/><strong>Material:</strong> feltro<br/><strong>Fechamento:</strong> por transpasse<br/><strong>Estampas:</strong> sortidas<br/><strong>Composição do pacote:</strong> no máximo 2 unidades da mesma estampa<br/><strong>Tema:</strong> conforme disponibilidade ou tema escolhido pelo cliente</p><p><strong>Observação:</strong> as estampas, cores e tonalidades podem variar conforme o material disponível e o lote de produção.</p>","24.9","","1","3","0","1","INVERNO","","0ee5cffc-4add-48f2-a1b0-7641dbbb0814","14.5","0",""
"simple","C1100098","Cachecol P - Mod. 002 (Fêmea)","1","hidden","0","<p>Cachecóis pet tamanho P em feltro, desenvolvidos para finalização profissional de banho e tosa. Possuem fechamento por transpasse, com uma abertura costurada por onde uma ponta passa dentro da outra, facilitando a colocação no pescoço do pet.</p><p><strong>Conteúdo:</strong> 10 unidades<br/><strong>Tamanho:</strong> P<br/><strong>Material:</strong> feltro<br/><strong>Fechamento:</strong> por transpasse<br/><strong>Estampas:</strong> sortidas<br/><strong>Composição do pacote:</strong> no máximo 2 unidades da mesma estampa<br/><strong>Tema:</strong> conforme disponibilidade ou tema escolhido pelo cliente</p><p><strong>Observação:</strong> as estampas, cores e tonalidades podem variar conforme o material disponível e o lote de produção.</p>","24.9","","0","","","1","INVERNO","","3c027757-5e78-4a26-a837-5b79ea4cbd76","15.5","0",""
"simple","C1100109","Cachecol P - Mod. 002 (Fêmea)","1","visible","0","<p>Cachecóis pet tamanho P em feltro, desenvolvidos para finalização profissional de banho e tosa. Possuem fechamento por transpasse, com uma abertura costurada por onde uma ponta passa dentro da outra, facilitando a colocação no pescoço do pet.</p><p><strong>Conteúdo:</strong> 10 unidades<br/><strong>Tamanho:</strong> P<br/><strong>Material:</strong> feltro<br/><strong>Fechamento:</strong> por transpasse<br/><strong>Estampas:</strong> sortidas<br/><strong>Composição do pacote:</strong> no máximo 2 unidades da mesma estampa<br/><strong>Tema:</strong> conforme disponibilidade ou tema escolhido pelo cliente</p><p><strong>Observação:</strong> as estampas, cores e tonalidades podem variar conforme o material disponível e o lote de produção.</p>","24.9","","0","","","1","INVERNO","","cfe7e823-edbe-41d8-9a01-7789b4036344","15.5","0",""
"simple","C1100099","Cachecol P - Mod. 003 (Fêmea)","1","hidden","0","<p>Cachecóis pet tamanho P em feltro, desenvolvidos para finalização profissional de banho e tosa. Possuem fechamento por transpasse, com uma abertura costurada por onde uma ponta passa dentro da outra, facilitando a colocação no pescoço do pet.</p><p><strong>Conteúdo:</strong> 10 unidades<br/><strong>Tamanho:</strong> P<br/><strong>Material:</strong> feltro<br/><strong>Fechamento:</strong> por transpasse<br/><strong>Estampas:</strong> sortidas<br/><strong>Composição do pacote:</strong> no máximo 2 unidades da mesma estampa<br/><strong>Tema:</strong> conforme disponibilidade ou tema escolhido pelo cliente</p><p><strong>Observação:</strong> as estampas, cores e tonalidades podem variar conforme o material disponível e o lote de produção.</p>","24.9","","0","","","1","INVERNO","","091d72f3-3bf2-4af0-b6a5-80f0248a8954","15.5","0",""
"simple","C1100110","Cachecol P - Mod. 003 (Fêmea)","1","visible","0","<p>Cachecóis pet tamanho P em feltro, desenvolvidos para finalização profissional de banho e tosa. Possuem fechamento por transpasse, com uma abertura costurada por onde uma ponta passa dentro da outra, facilitando a colocação no pescoço do pet.</p><p><strong>Conteúdo:</strong> 10 unidades<br/><strong>Tamanho:</strong> P<br/><strong>Material:</strong> feltro<br/><strong>Fechamento:</strong> por transpasse<br/><strong>Estampas:</strong> sortidas<br/><strong>Composição do pacote:</strong> no máximo 2 unidades da mesma estampa<br/><strong>Tema:</strong> conforme disponibilidade ou tema escolhido pelo cliente</p><p><strong>Observação:</strong> as estampas, cores e tonalidades podem variar conforme o material disponível e o lote de produção.</p>","24.9","","0","","","1","INVERNO","","8fbaeee7-8f4b-4f13-baa3-ecdd47b84d49","15.5","0",""
"simple","C1100100","Cachecol P - Ratinho","1","visible","0","Contém 10 unidades tamanho médio, estampas iguais da foto.","24.9","","0","","","1","INVERNO","","359782f6-ec69-475f-8dc8-a4411e543c91","15.5","0",""
"simple","C1100101","Cachecol P - Rei Leão","1","visible","0","Contém 10 unidades tamanho médio, estampas iguais da foto.","24.9","","0","","","1","INVERNO","","2804bd82-4fab-448a-8cb4-a9ab8b86d457","15.5","0",""
"simple","C1100112","Cachecol P - Rei Leão","1","visible","0","Contém 10 unidades tamanho médio, estampas iguais da foto.","24.9","","0","","","1","INVERNO","","b5d304eb-1368-4c40-9fa3-6bf9447bea4c","15.5","0",""
"simple","C1100096","Cachecol PP - Fêmea","1","visible","0","<p>Cachecóis pet tamanho PP em feltro, desenvolvidos para finalização profissional de banho e tosa. Possuem fechamento por transpasse, com uma abertura costurada por onde uma ponta passa dentro da outra, facilitando a colocação no pescoço do pet.</p><p><strong>Conteúdo:</strong> 10 unidades<br/><strong>Tamanho:</strong> PP<br/><strong>Material:</strong> feltro<br/><strong>Fechamento:</strong> por transpasse<br/><strong>Estampas:</strong> sortidas<br/><strong>Composição do pacote:</strong> no máximo 2 unidades da mesma estampa<br/><strong>Tema:</strong> conforme disponibilidade ou tema escolhido pelo cliente</p><p><strong>Observação:</strong> as estampas, cores e tonalidades podem variar conforme o material disponível e o lote de produção.</p>","24.9","","1","9","0","1","INVERNO","","fc7c802b-ded3-4e47-a800-e5d10e5a282e","15.5","0",""
"simple","C1100108","Cachecol PP - Macho","1","visible","0","<p>Cachecóis pet tamanho PP em feltro, desenvolvidos para finalização profissional de banho e tosa. Possuem fechamento por transpasse, com uma abertura costurada por onde uma ponta passa dentro da outra, facilitando a colocação no pescoço do pet.</p><p><strong>Conteúdo:</strong> 10 unidades<br/><strong>Tamanho:</strong> PP<br/><strong>Material:</strong> feltro<br/><strong>Fechamento:</strong> por transpasse<br/><strong>Estampas:</strong> sortidas<br/><strong>Composição do pacote:</strong> no máximo 2 unidades da mesma estampa<br/><strong>Tema:</strong> conforme disponibilidade ou tema escolhido pelo cliente</p><p><strong>Observação:</strong> as estampas, cores e tonalidades podem variar conforme o material disponível e o lote de produção.</p>","24.9","","1","21","0","1","INVERNO","","1e36b8e9-e182-4a2b-80cd-0947733c2623","15.5","0",""
"simple","C1100167","Cachecol PP - Unissex","1","visible","0","<p>Cachecóis pet tamanho PP em feltro, desenvolvidos para finalização profissional de banho e tosa. Possuem fechamento por transpasse, com uma abertura costurada por onde uma ponta passa dentro da outra, facilitando a colocação no pescoço do pet.</p><p><strong>Conteúdo:</strong> 10 unidades<br/><strong>Tamanho:</strong> PP<br/><strong>Material:</strong> feltro<br/><strong>Fechamento:</strong> por transpasse<br/><strong>Estampas:</strong> sortidas<br/><strong>Composição do pacote:</strong> no máximo 2 unidades da mesma estampa<br/><strong>Tema:</strong> conforme disponibilidade ou tema escolhido pelo cliente</p><p><strong>Observação:</strong> as estampas, cores e tonalidades podem variar conforme o material disponível e o lote de produção.</p>","24.9","","1","2","0","1","INVERNO","","8f657e6d-389d-4855-a4ac-3f73cc6ddeb3","15.5","0",""
"simple","C1100154","Caixinha de Penteados","1","hidden","0","Caixinha de Penteados","45.9","","1","5","0","0","PENTEADOS","","846c4847-e77b-487f-a352-8e4a8a43ae03","25","0",""
"simple","C1100042","Colarinho em V","1","hidden","0","Colarinho pet em formato V, desenvolvido para deixar a finalização do banho e tosa ainda mais charmosa, delicada e especial.  Com detalhe em strass, o acessório traz um toque de brilho na medida certa, valorizando a apresentação do pet sem perder a leveza e a praticidade no uso. É uma excelente opção para pet shops e profissionais que desejam oferecer um acabamento bonito, elegante e diferenciado aos seus clientes.  ✅ Modelo em formato V ✅ Detalhe em strass ✅ Visual delicado e charmoso ✅ Leve, confortável e fácil de colocar ✅ Ótima opção para fotos, entregas e finalização de banho e tosa ✅ Ideal para encantar os tutores e valorizar o atendimento   Conteúdo da embalagem: 5 colarinhos.   Cores Modelos: Os modelos são enviados de acordo com a disponibilidade em estoque no momento da separação do pedido.  Produto desenvolvido pela Autelie Moda Pet, especialista em acessórios para banho e tosa, com foco em qualidade, beleza e apresentação profissional.","19.9","","1","2","0","1","GARGANTILHAS","","02b660d6-2e88-4da6-b10c-55b9a1497492","11.14","0",""
"simple","C1100043","Colarinho em V","1","hidden","0","Colarinho pet em formato V com estampas de personagens, desenvolvido para proporcionar uma finalização divertida, charmosa e diferenciada aos pets após o banho e tosa.  Com visual temático e excelente apresentação, é uma ótima opção para pet shops, centros de estética animal e profissionais que desejam oferecer um acessório criativo, bonito e de alto valor percebido no atendimento.  ✅ Modelo em formato V ✅ Estampas de personagens variadas ✅ Visual divertido, temático e encantador ✅ Leve, confortável e de fácil aplicação ✅ Ideal para fotos, entregas e finalização de banho e tosa ✅ Excelente opção para valorizar o atendimento e encantar os tutores  Conteúdo da embalagem: 10 colarinhos.  Estampas: Os modelos são enviados em estampas variadas de personagens. Para consultar as opções disponíveis no estoque e selecionar sua preferência, entre em contato com nossa equipe de atendimento.  Produto desenvolvido pela Autelie Moda Pet, especialista em acessórios para banho e tosa, com foco em beleza, qualidade e apresentação profissional.","22.9","","1","4","0","1","GRAVATAS","","28f45713-e5bb-4535-b95c-30368e3ab3e4","15.24","0",""
"simple","C1100045","Colarinho Flintstones","1","hidden","0","Colarinho pet inspirado no tema Flintstones, confeccionado em EVA, desenvolvido para proporcionar um visual divertido, criativo e temático aos pets.  Produzido com acabamento cuidadoso e excelente apresentação, é ideal para pet shops, centros de estética animal e profissionais de banho e tosa que desejam oferecer um acessório diferenciado na finalização dos atendimentos.  ✅ Confeccionado em EVA ✅ Tema Flintstones divertido e chamativo ✅ Leve, confortável e de fácil aplicação ✅ Visual criativo para fotos e entregas especiais ✅ Ideal para campanhas temáticas, banho e tosa e datas comemorativas ✅ Excelente opção para valorizar o atendimento e encantar os tutores   Conteúdo da embalagem: 5 colarinhos.   Cores Modelos: Os modelos são enviados conforme disponibilidade em estoque no momento da separação do pedido.  Produto desenvolvido pela Autelie Moda Pet, especialista em acessórios para banho e tosa, reconhecida pela qualidade, acabamento e exclusividade de seus produtos.","24.9","","1","4","0","1","COLARINHOS","","2390a750-9d63-4f5f-9ee1-099587b8914c","10.24","0",""
"simple","C1100107","Colarinho M2 - Copa","1","visible","0","<p>Colarinhos pet tamanho M2 com temática Copa, confeccionados em tecido de poliéster para finalização profissional de banho e tosa. Possuem acabamento em viés de TNT e fechamento por botão de pressão.</p><p><strong>Conteúdo:</strong> 5 unidades<br/><strong>Tamanho:</strong> M2<br/><strong>Material:</strong> tecido de poliéster<br/><strong>Acabamento:</strong> viés de TNT<br/><strong>Fechamento:</strong> botão de pressão<br/><strong>Tema:</strong> Copa<br/><strong>Estampas:</strong> 5 estampas diferentes, sem repetição</p><p><strong>Observação:</strong> as estampas, cores e tonalidades — inclusive a cor do viés — podem variar conforme o material disponível e o lote de produção.</p>","22.9","","1","2","0","0","COPA","","eb86633a-302e-403a-ae1d-56877e27e7e1","12.81","0",""
"simple","C1100046","Conjunto Babador + Laço em Feltro","1","hidden","0","Kit pet composto por babadores em feltro e laços combinando, desenvolvido para proporcionar um visual delicado, divertido e encantador aos pets.  Produzido com acabamento cuidadoso e excelente apresentação, é ideal para pet shops, centros de estética animal e profissionais de banho e tosa que desejam oferecer uma finalização diferenciada, bonita e prática para seus atendimentos.  ✅ Babadores confeccionados em feltro ✅ Acompanha laços combinando ✅ Visual delicado, charmoso e encantador ✅ Leve, confortável e de fácil aplicação ✅ Ideal para fotos, entregas e finalização de banho e tosa ✅ Excelente opção para valorizar o atendimento e encantar os tutores   Conteúdo da embalagem: 4 babadores em feltro + 4 laços .  Cores Modelos: Os modelos são enviados de acordo com a disponibilidade em estoque no momento da separação do pedido.  Produto desenvolvido pela Autelie Moda Pet, especialista em acessórios para banho e tosa, reconhecida pela qualidade, acabamento e exclusividade de seus produtos.","25.9","","1","2","0","1","BABADOR","","5a2f83c5-6bed-44c9-b137-b374d5637889","14.09","0",""
"simple","C1100155","Conjunto Lonita Luxo","1","hidden","0","Conjunto Lonita Luxo","34.9","","1","11","0","0","CONJUNTOS","","5c4e58b8-3a92-4268-9c08-12bceda52963","13.24","0",""
"simple","C1100166","Elastico P/ penteado","1","visible","0","Elastico P/ penteado","6.9","","1","42","0","0","Outros","","85863859-ca7d-4ae4-a83c-916accd1eb95","2","0",""
"simple","C1100140","Gargantilha Borboleta","1","visible","0","<p>Gargantilhas pet em lonita, com estampa tie-dye e recorte vazado de borboleta e arabescos. Desenvolvidas para finalização profissional de banho e tosa, são utilizadas ao redor do pescoço do pet e proporcionam uma apresentação delicada e sofisticada.</p><p><strong>Conteúdo:</strong> 5 unidades<br/><strong>Tamanho:</strong> único<br/><strong>Material:</strong> lonita<br/><strong>Estampa:</strong> tie-dye<br/><strong>Aplicação:</strong> ao redor do pescoço do pet<br/><strong>Acabamento:</strong> corte a laser e apliques decorativos tipo chaton<br/><strong>Fechamento:</strong> por amarração</p><p>O corte a laser proporciona acabamento limpo e ajuda a evitar o desfiamento do tecido. Os apliques tipo chaton ficam posicionados nos pontos de passagem da fita, ajudando a ocultar a fixação e valorizando o acabamento da peça.</p><p><strong>Observação:</strong> a distribuição das cores varia naturalmente de uma peça para outra devido ao efeito tie-dye, tornando cada gargantilha visualmente única. As tonalidades podem apresentar pequenas variações conforme o material e o lote de produção.</p>","29.9","","1","4","0","0","GARGANTILHAS","","2fd473cc-3cef-4a24-8192-c4e5a4fb5565","18.46","0",""
"simple","C1100048","Gargantilha Cetim com strass","1","hidden","0","Gargantilha pet confeccionada em cetim, com detalhe em strass, desenvolvida para proporcionar um visual delicado, elegante e sofisticado aos pets.  Produzida com acabamento cuidadoso e excelente apresentação, é ideal para pet shops, centros de estética animal e profissionais de banho e tosa que desejam oferecer um acessório especial na finalização dos atendimentos.  ✅ Confeccionada em cetim ✅ Detalhe em strass ✅ Visual delicado, elegante e sofisticado ✅ Leve, confortável e de fácil aplicação ✅ Ideal para fotos, entregas e finalização de banho e tosa ✅ Excelente opção para valorizar o atendimento e encantar os tutores   Conteúdo da embalagem: 10 gargantilhas.   Cores Estampas: Os modelos são enviados de acordo com a disponibilidade em estoque no momento da separação do pedido.  Produto desenvolvido pela Autelie Moda Pet, especialista em acessórios para banho e tosa, reconhecida pela qualidade, acabamento e exclusividade de seus produtos.","25.9","","1","6","0","1","GARGANTILHAS","","a9df4b63-114e-466f-9c83-603c29ab614a","14.89","0",""
"simple","C1100049","Gargantilha de cetim c/ 8","1","hidden","0","Gargantilha pet confeccionada em cetim, desenvolvida para proporcionar um visual delicado, elegante e encantador aos pets.  Produzida com acabamento cuidadoso e excelente apresentação, é ideal para pet shops, centros de estética animal e profissionais de banho e tosa que desejam oferecer um acessório especial na finalização dos atendimentos.  ✅ Confeccionada em cetim ✅ Visual delicado e elegante ✅ Leve, confortável e de fácil aplicação ✅ Ideal para fotos, entregas e finalização de banho e tosa ✅ Excelente opção para valorizar o atendimento e encantar os tutores   Conteúdo da embalagem: 8 gargantilhas .  Cores Estampas: Os modelos são enviados de acordo com a disponibilidade em estoque no momento da separação do pedido.  Produto desenvolvido pela Autelie Moda Pet, especialista em acessórios para banho e tosa, reconhecida pela qualidade, acabamento e exclusividade de seus produtos.","15.9","","1","2","0","1","GARGANTILHAS","","d48cf7ae-2424-4022-9102-6f0fcfd46606","12","0",""
"simple","C1100047","Gargantilha de Feltro","1","visible","0","<p>Gargantilhas pet em feltro, desenvolvidas para finalização profissional de banho e tosa. Possuem aplique decorativo em EVA e feltro e são utilizadas ao redor do pescoço do pet.</p><p><strong>Conteúdo:</strong> 6 unidades<br/><strong>Tamanho:</strong> único<br/><strong>Material:</strong> feltro<br/><strong>Aplique:</strong> EVA e feltro<br/><strong>Fechamento:</strong> por amarração com fita de cetim<br/><strong>Cores:</strong> sortidas, conforme disponibilidade</p><p><strong>Observação:</strong> as cores, tonalidades e combinações dos apliques podem variar conforme a disponibilidade do material e o lote de produção.</p>","26.9","","1","3","0","1","GARGANTILHAS","","9a0c0656-02d6-4ddf-8afe-79f1512d1fe7","13.04","0",""
"simple","C1100050","Gargantilha de renda","1","hidden","0","Gargantilha pet confeccionada em renda em formato V, com detalhe em fita de gorgurão estampado, desenvolvida para proporcionar um visual delicado, elegante e encantador aos pets.  Produzida com acabamento cuidadoso e excelente apresentação, é ideal para pet shops, centros de estética animal e profissionais de banho e tosa que desejam oferecer um acessório diferenciado e sofisticado na finalização dos atendimentos.  ✅ Renda em formato V ✅ Detalhe em gorgurão estampado ✅ Visual delicado, charmoso e elegante ✅ Leve, confortável e de fácil aplicação ✅ Ideal para fotos, entregas e finalização de banho e tosa ✅ Excelente opção para valorizar o atendimento e encantar os tutores   Conteúdo da embalagem: 5 gargantilhas.   Estampas: Os modelos são enviados em estampas sortidas, conforme disponibilidade em estoque no momento da separação do pedido.  Produto desenvolvido pela Autelie Moda Pet, especialista em acessórios para banho e tosa, reconhecida pela qualidade, acabamento e exclusividade de seus produtos.","22.9","","1","3","0","1","GARGANTILHAS","","3b17c5c6-8024-4d46-a616-ae4ddff83109","9.94","0",""
"simple","C1100051","Gargantilha em V - Luxo","1","hidden","0","Colarinho pet em formato V, desenvolvido para proporcionar um visual sofisticado, elegante e encantador aos pets.  Produzido com acabamento de luxo e detalhe em strass, oferece excelente apresentação e um toque especial na finalização do banho e tosa, sendo ideal para pet shops, centros de estética animal e profissionais que desejam agregar valor ao atendimento.  ✅ Formato em V ✅ Acabamento de luxo ✅ Detalhe em strass ✅ Visual sofisticado, delicado e elegante ✅ Leve, confortável e de fácil aplicação ✅ Ideal para fotos, entregas especiais e finalização premium de banho e tosa ✅ Excelente opção para valorizar o atendimento e encantar os tutores   Conteúdo da embalagem: 5 colarinhos.   Cores Modelos: Os modelos são enviados de acordo com a disponibilidade em estoque no momento da separação do pedido.  Produto desenvolvido pela Autelie Moda Pet, especialista em acessórios para banho e tosa, reconhecida pela qualidade, acabamento e exclusividade de seus produtos.","22.9","","1","3","0","1","GARGANTILHAS","","fd89b0a2-3210-44ab-9a24-48d237fc4311","15.04","0",""
"simple","C1100053","Gargantilha luxo","1","hidden","0","Gargantilha pet confeccionada em elástico, desenvolvida para proporcionar praticidade, conforto e um visual elegante aos pets.  Produzida com acabamento de luxo e excelente apresentação, é ideal para pet shops, centros de estética animal e profissionais de banho e tosa que desejam oferecer um acessório diferenciado e sofisticado na finalização dos atendimentos.  ✅ Confeccionada em elástico ✅ Acabamento de luxo ✅ Visual elegante e delicado ✅ Leve, confortável e de fácil aplicação ✅ Ideal para fotos, entregas e finalização de banho e tosa ✅ Excelente opção para valorizar o atendimento e encantar os tutores   Conteúdo da embalagem: 5 gargantilhas.   Cores: Os modelos são enviados em cores sortidas, conforme disponibilidade em estoque no momento da separação do pedido.  Produto desenvolvido pela Autelie Moda Pet, especialista em acessórios para banho e tosa, reconhecida pela qualidade, acabamento e exclusividade de seus produtos.","24.9","","1","1","0","1","GARGANTILHAS","","7a6937b3-ac39-446d-b0dd-e9adc2749d58","16.64","0",""
"simple","C1100054","Gargantilha marcas luxo","1","hidden","0","Gargantilha marcas luxo","22.9","","1","2","0","1","GARGANTILHAS","","b0f84f5d-38f3-4f74-8054-748d4fcf11df","14.39","0",""
"simple","C1100055","Gargantilha Strass C/ 8","1","hidden","0","Gargantilha pet confeccionada em fita de cetim com detalhe em strass, desenvolvida para proporcionar um visual sofisticado, delicado e elegante aos pets.  Com acabamento refinado e excelente apresentação, é uma opção de luxo para pet shops, centros de estética animal e profissionais de banho e tosa que desejam oferecer um acessório diferenciado na finalização dos atendimentos.  ✅ Confeccionada em fita de cetim ✅ Detalhe em strass para um toque sofisticado ✅ Artigo de luxo com excelente apresentação ✅ Visual delicado, elegante e refinado ✅ Leve, confortável e de fácil aplicação ✅ Ideal para fotos, entregas especiais e finalização premium de banho e tosa ✅ Excelente opção para valorizar o atendimento e encantar os tutores  QUANTIDADE: 8UND  Cores Modelos: Os modelos são enviados de acordo com a disponibilidade em estoque no momento da separação do pedido.  Produto desenvolvido pela Autelie Moda Pet, especialista em acessórios para banho e tosa, reconhecida pela qualidade, acabamento e exclusividade de seus produtos.","21.9","","1","5","0","1","GARGANTILHAS","","7346c769-f21c-46c3-867c-a585f43ee879","10.04","0",""
"simple","C1100057","Gravata Cetim - Pequena","1","visible","0","<p>Gravatas pet tamanho pequeno, confeccionadas em fita de cetim para finalização profissional de banho e tosa. Possuem fechamento por amarração com fita de cetim, permitindo ajuste ao redor do pescoço do pet.</p><p><strong>Conteúdo:</strong> 10 unidades<br/><strong>Tamanho:</strong> pequeno<br/><strong>Material:</strong> fita de cetim<br/><strong>Fechamento:</strong> por amarração com fita de cetim<br/><strong>Modelos e cores:</strong> sortidos, conforme disponibilidade</p><p><strong>Observação:</strong> os modelos, as cores e tonalidades podem variar conforme o material disponível e o lote de produção.</p>","24.9","","1","10","0","1","GRAVATAS","","f56cfa5d-3831-406d-9b59-24c7a7c0159b","15.94","0",""
"simple","C1100059","Gravata Femea","1","hidden","0","Gravatinha pet fêmea desenvolvida para proporcionar um visual delicado, charmoso e encantador aos pets na finalização do banho e tosa.  Produzida com acabamento cuidadoso e excelente apresentação, é uma ótima opção para pet shops, centros de estética animal e profissionais que desejam oferecer um acessório bonito, prático e diferenciado aos seus clientes.  ✅ Modelo delicado para fêmeas ✅Fita Gorgurão ✅ Visual charmoso e encantador ✅ Acabamento cuidadoso ✅ Leve, confortável e de fácil aplicação ✅ Ideal para fotos, entregas e finalização de banho e tosa ✅ Excelente opção para valorizar o atendimento e encantar os tutores  Conteúdo da embalagem: 5 gravatinhas iguais.  Estampas: As gravatinhas são enviadas conforme disponibilidade em estoque no momento da separação do pedido.  Produto desenvolvido pela Autelie Moda Pet, especialista em acessórios para banho e tosa, com foco em qualidade, beleza e apresentação profissional.","19.9","","1","2","0","1","GRAVATAS","","50864266-71e4-431b-8b51-8e832f3b47e1","12.49","0",""
"simple","C1100060","Gravata Luxo","1","hidden","0","Gravata pet luxo confeccionada em fita de gorgurão, desenvolvida para elevar o padrão da finalização do banho e tosa com um visual elegante, marcante e cheio de presença.  Com acabamento cuidadoso e excelente estrutura, esse modelo entrega uma apresentação sofisticada e profissional, ideal para pet shops e centros de estética animal que desejam encantar os tutores logo na entrega do pet.  ✅ Confeccionada em gorgurão de alta qualidade ✅ Visual elegante, encorpado e sofisticado ✅ Acabamento premium e excelente apresentação ✅ Modelo com destaque e presença no pet ✅ Ideal para fotos, entregas especiais e finalização diferenciada ✅ Excelente opção para agregar valor ao atendimento ✅ Produto pensado para banho e tosa de alto padrão  Conteúdo da embalagem: 5 gravatas.  Cores Modelos: Os modelos são enviados conforme disponibilidade em estoque no momento da separação do pedido.  Produto desenvolvido pela Autelie Moda Pet, especialista em acessórios para banho e tosa, com foco em beleza, qualidade e apresentação profissional.","21.9","","1","2","0","1","GRAVATAS","","46c9802f-2b2c-4797-a792-ff9f69f36c76","12.39","0",""
"simple","C1100061","Gravatinha Borboleta","1","visible","0","<p>Gravatas borboleta pet em tecido de poliéster, desenvolvidas para finalização profissional de banho e tosa. Possuem fechamento por amarração com fita de cetim e podem ser produzidas em temas específicos quando solicitado.</p><p><strong>Conteúdo:</strong> 10 unidades<br/><strong>Material:</strong> tecido de poliéster<br/><strong>Fechamento:</strong> por amarração com fita de cetim<br/><strong>Estampas:</strong> mistas, conforme disponibilidade<br/><strong>Tema:</strong> conforme disponibilidade ou solicitação do cliente</p><p><strong>Observação:</strong> as estampas, cores e tonalidades podem variar conforme o material disponível e o lote de produção.</p>","24.9","","1","12","0","1","GRAVATAS","","bdb8c651-5d6f-4584-acb2-76791c74d151","15.74","0",""
"simple","C1100131","Gravatinhas - Copa","1","visible","0","<p>Gravatas pet em tecido de poliéster, confeccionadas sobre base de TNT para finalização profissional de banho e tosa. Possuem estampas temáticas da Copa e fechamento por amarração com fita de cetim.</p><p><strong>Conteúdo:</strong> 10 unidades<br/><strong>Material:</strong> tecido de poliéster com base de TNT<br/><strong>Fechamento:</strong> por amarração com fita de cetim<br/><strong>Tema:</strong> Copa<br/><strong>Estampas:</strong> 5 estampas diferentes<br/><strong>Composição do pacote:</strong> 2 unidades de cada estampa</p><p><strong>Observação:</strong> as estampas, cores e tonalidades podem variar conforme o material disponível e o lote de produção.</p>","22.9","","1","5","0","0","COPA","","de2569f7-d345-42a6-a86f-b1d91367e8b1","10.84","0",""
"simple","C1100062","Gravatinhas - São João","1","visible","0","<p>Gravatas pet em tecido de poliéster, confeccionadas sobre base de TNT para finalização profissional de banho e tosa. Possuem estampas temáticas de São João e fechamento por amarração com fita de cetim.</p><p><strong>Conteúdo:</strong> 10 unidades<br/><strong>Material:</strong> tecido de poliéster com base de TNT<br/><strong>Fechamento:</strong> por amarração com fita de cetim<br/><strong>Tema:</strong> São João<br/><strong>Estampas:</strong> 5 estampas diferentes<br/><strong>Composição do pacote:</strong> 2 unidades de cada estampa</p><p><strong>Observação:</strong> as estampas, cores e tonalidades podem variar conforme o material disponível e o lote de produção.</p>","22.9","","1","8","0","1","GRAVATAS","","f358849d-5707-437d-8270-e07f1f983fa9","10.84","0",""
"simple","C1100063","Gravatinhas dia a dia - Diversos","1","visible","0","<p>Gravatas pet em tecido de poliéster, confeccionadas sobre base de TNT para finalização profissional de banho e tosa. Possuem estampas variadas para uso no dia a dia e fechamento por amarração com fita de cetim.</p><p><strong>Conteúdo:</strong> 10 unidades<br/><strong>Material:</strong> tecido de poliéster com base de TNT<br/><strong>Fechamento:</strong> por amarração com fita de cetim<br/><strong>Tema:</strong> modelos diversos para o dia a dia<br/><strong>Estampas:</strong> 5 estampas diferentes<br/><strong>Composição do pacote:</strong> 2 unidades de cada estampa</p><p><strong>Observação:</strong> as estampas, cores e tonalidades podem variar conforme o material disponível e o lote de produção.</p>","22.9","","1","12","0","1","GRAVATAS","","8f57657c-f110-44bf-bc5c-c9f17994a3ce","10.84","0",""
"simple","C1100064","Gravatinhas Marcas","1","hidden","0","Gravatinhas Marcas","22.9","","1","2","0","1","GRAVATAS","","83a9152c-2011-4313-8caa-efe38a1a86b4","10.84","0",""
"simple","C1100065","Itens Promocionais","1","hidden","0","Itens Promocionais","10","","1","37","0","1","PROMOÇÕES","","d743d5a8-81ac-4c69-8c68-6a57d76e8ee6","5","0",""
"simple","C1100066","Laçadorote Cor Dupla c/4 und","1","hidden","0","Laçadorote Cor Dupla c/4 und","17.9","","1","12","0","1","GARGANTILHAS","","75818d4a-53ee-4cc9-bb3b-9e343fbad699","10.44","0",""
"simple","C1100067","Laçarote - Laço duplo","1","hidden","0","Laçarote pet modelo laço duplo, desenvolvido para deixar a finalização do banho e tosa mais bonita, delicada e encantadora.  Com visual charmoso e boa presença no pet, é uma opção prática para pet shops, centros de estética animal e profissionais que desejam oferecer um acessório especial, sem abrir mão da leveza e da versatilidade no dia a dia.  ✅ Modelo laço duplo ✅ Visual delicado e charmoso ✅ Boa presença na finalização do pet ✅ Leve, confortável e fácil de aplicar ✅ Ideal para fotos, entregas e banho e tosa ✅ Ótima opção para valorizar o atendimento  Conteúdo da embalagem: 5 laçarotes.  Cores Modelos: Os modelos são enviados conforme disponibilidade em estoque no momento da separação do pedido.  Produto desenvolvido pela Autelie Moda Pet, especialista em acessórios para banho e tosa, com foco em beleza, qualidade e apresentação profissional.","22.9","","1","3","0","1","GARGANTILHAS","","8d329628-26a1-49d8-8740-52a4f55b4624","14.54","0",""
"simple","C1100068","Laçarote Borboleta - Luxo","1","hidden","0","Laçarote borboleta pet ultra luxo desenvolvido para quem deseja uma finalização marcante, moderna e cheia de presença. Com visual imponente e cores neon vibrantes, esse modelo transforma a apresentação do pet e cria um efeito de destaque imediato nas fotos, entregas e atendimentos especiais.  Seu formato de borboleta traz volume, charme e sofisticação, tornando o acessório ideal para pet shops e profissionais de banho e tosa que querem oferecer uma experiência diferenciada, com alto valor percebido pelos tutores.  ✅ Modelo borboleta ultra luxo ✅ Cores neon vibrantes e chamativas ✅ Visual moderno, sofisticado e impactante ✅ Laçarote com maior destaque no pet ✅ Ideal para fotos, entregas especiais e finalizações premium ✅ Excelente opção para encantar tutores e valorizar o atendimento ✅ Produto com apresentação diferenciada para serviços de alto padrão   Conteúdo da embalagem: 3 laçarotes borboleta neon.   Cores Modelos: Os modelos são enviados em cores neon conforme disponibilidade em estoque no momento da separação do pedido.  Produto desenvolvido pela Autelie Moda Pet, especialista em acessórios para banho e tosa, com foco em beleza, qualidade e apresentação profissional.","25.9","","1","0","0","1","GARGANTILHAS","","8bafcccb-b56e-4172-b18d-49f826beba71","14.04","0",""
"simple","C1100069","Laçarote Luxo","1","hidden","0","Laçarote pet luxo desenvolvido para proporcionar um visual sofisticado, delicado e encantador aos pets na finalização do banho e tosa.  Produzido com acabamento cuidadoso e excelente apresentação, é uma opção premium para pet shops, centros de estética animal e profissionais que desejam oferecer um acessório diferenciado, com mais destaque e valor percebido no atendimento.  ✅ Modelo luxo com visual elegante ✅ Acabamento cuidadoso e excelente apresentação ✅ Tamanho com maior destaque no pet ✅ Leve, confortável e de fácil aplicação ✅ Ideal para fotos, entregas especiais e finalização premium de banho e tosa ✅ Excelente opção para encantar os tutores e valorizar o serviço  Conteúdo da embalagem: 5 laçarotes.  Cores Estampas: Os modelos são enviados conforme disponibilidade em estoque no momento da separação do pedido.  Produto desenvolvido pela Autelie Moda Pet, especialista em acessórios para banho e tosa, com foco em qualidade, beleza e apresentação profissional.","22.9","","1","6","0","1","GARGANTILHAS","","47a7ec3e-f291-471d-a6d7-9fec82d64d4e","10.94","0",""
"simple","C1100070","Laçarotes Diversos","1","hidden","0","Laçarotes pet diversos desenvolvidos para deixar a finalização do banho e tosa mais bonita, charmosa e especial.  Com modelos variados e excelente apresentação, são uma ótima opção para pet shops, centros de estética animal e profissionais que desejam oferecer acessórios diferenciados, práticos e encantadores no atendimento do dia a dia.  ✅ Modelos diversos ✅ Visual delicado e charmoso ✅ Boa presença na finalização do pet ✅ Leve, confortável e de fácil aplicação ✅ Ideal para fotos, entregas e banho e tosa ✅ Excelente opção para valorizar o atendimento e encantar os tutores  Conteúdo da embalagem: 5 laçarotes.  Modelos Cores: Os laçarotes são enviados conforme disponibilidade em estoque no momento da separação do pedido.  Produto desenvolvido pela Autelie Moda Pet, especialista em acessórios para banho e tosa, com foco em beleza, qualidade e apresentação profissional.","24.9","","1","3","0","1","GARGANTILHAS","","fde63cd1-a2a8-4807-b096-633efa7be7b3","14.14","0",""
"simple","C1100115","Laço  São João - Adesivo","1","hidden","0","<p>Contém 10 laços adesivos, exatamente iguais </p>","24.9","","1","2","0","1","FESTA JUNINA","","7ab7d9ea-9c8d-4198-b3f1-7d9d55d1a98b","15.34","0",""
"simple","C1100114","Laço  São João - Adesivo","1","hidden","0","<p>Contém 10 laços adesivos, exatamente iguais </p>","24.9","","1","1","0","1","FESTA JUNINA","","eb40676f-c92f-4709-b5b2-d4d642e676bc","9.34","0",""
"simple","C1100091","Laço Adesivo - Girassol","1","hidden","0","Laço Adesivo - Girassol","24.9","","1","3","0","1","ADESIVOS","","a32c4e6a-00ac-4810-8dd6-d6719ef8fe91","0","0",""
"simple","C1100120","Laço adesivo - São João","1","hidden","0","Laço adesivo - São João","24.9","","1","13","0","0","FESTA JUNINA","","75b080e0-47c7-4fdd-9380-33f388d9e18c","0","0",""
"simple","C1100097","Laço Adesivo - São João Misto","1","visible","0","<p>Laços adesivos pet com temática de São João, produzidos em fita de cetim ou gorgurão para finalização profissional de banho e tosa. O pacote reúne diferentes apliques juninos em EVA e combinações variadas.</p><p><strong>Conteúdo:</strong> 10 unidades<br/><strong>Tema:</strong> São João<br/><strong>Material:</strong> fita de cetim ou gorgurão<br/><strong>Apliques:</strong> modelos variados em EVA<br/><strong>Composição do pacote:</strong> laços mistos, com diferentes modelos juninos<br/><strong>Aplicação:</strong> diretamente sobre a pelagem do pet</p><p><strong>Fixação e remoção:</strong> fita dupla face de altíssima fixação, que normalmente permanece fixada por 7 a 15 dias, conforme a pelagem e a rotina do pet. Para remover, umedeça com água morna e retire delicadamente, sem puxar os pelos.</p><p><strong>Observação:</strong> os modelos, materiais, cores e tonalidades podem variar conforme a disponibilidade e o lote de produção.</p>","24.9","","1","1","0","1","ADESIVOS","","f9755be3-bdf8-4d8b-a2be-ef831e4643ca","15.34","0",""
"simple","C1100071","Laço Aplique  Pedraria","1","hidden","0","Laço Aplique  Pedraria","16.9","","1","29","0","1","LAÇOS","","dc2cad35-a704-4a79-900f-272d9f099bfd","8.54","0",""
"simple","C1100072","Laço Aplique Chaton","1","hidden","0","Laço Aplique Chaton","13.9","","1","3","0","1","LAÇOS","","1020a0a7-3098-4319-ba99-1f160f6b79aa","9.69","0",""
"simple","C1100073","Laço Aplique EVA simples","1","hidden","0","Laço Aplique EVA simples","13.9","","1","8","0","1","LAÇOS","","ef891cb0-7c72-40c0-b78a-a639149c0306","7.59","0",""
"simple","C1100075","Laço C/ Aplique Resinado","1","hidden","0","Laço C/ Aplique Resinado","16.9","","1","4","0","1","LAÇOS","","6fc84823-3317-4bde-9aee-c0ba0d25a9a6","10.6","0",""
"simple","C1100102","Laço Diversos - Copa","1","hidden","0","Laço Diversos - Copa","17.9","","1","3","0","1","LAÇOS","","7ce7b9d2-2591-41fd-b76b-acf71e0e2eaf","13","0",""
"simple","C1100111","Laço Diversos - São João","1","hidden","0","Laço Diversos - São João","17.9","","1","9","0","0","FESTA JUNINA","","71ce35d3-3708-4dd8-a3cb-d40cdf2ab6d2","0","0",""
"simple","C1100076","Laço Fuxico EVA","1","hidden","0","Laço Fuxico EVA","14.9","","1","17","0","1","LAÇOS","","b94acb2e-b721-41eb-a84f-80adbffb7ffd","8.37","0",""
"simple","C1100077","Laço Fuxico Pedraria","1","hidden","0","Laço Fuxico Pedraria","15.9","","1","1","0","1","LAÇOS","","75021336-ff0a-47ae-b620-38b77ea4c338","8.37","0",""
"simple","C1100142","Laço Holográfico Luxo","1","hidden","0","Laço Holográfico Luxo","39.9","","1","4","0","0","LAÇOS","","7e62d1b8-89a1-443e-b322-0854a55caf5d","23.57","0",""
"simple","C1100024","Laço Misto Grande - Adesivo","1","hidden","0","<p>Laços adesivos pet em modelos variados, produzidos em fita de cetim ou gorgurão para finalização profissional de banho e tosa. O pacote reúne diferentes estampas e apliques decorativos em EVA, com opções para uso no dia a dia.</p><p><strong>Conteúdo:</strong> 10 unidades<br/><strong>Material:</strong> fita de cetim ou gorgurão<br/><strong>Apliques:</strong> modelos variados em EVA<br/><strong>Estampas:</strong> sortidas<br/><strong>Composição do pacote:</strong> laços mistos, com diferentes modelos e combinações<br/><strong>Aplicação:</strong> diretamente sobre a pelagem do pet</p><p><strong>Fixação e remoção:</strong> fita dupla face de altíssima fixação, que normalmente permanece fixada por 7 a 15 dias, conforme a pelagem e a rotina do pet. Para remover, umedeça com água morna e retire delicadamente, sem puxar os pelos.</p><p><strong>Observação:</strong> os modelos, estampas, cores e tonalidades podem variar conforme a disponibilidade e o lote de produção.</p>","24.9","","1","3","0","1","FESTA JUNINA","","2b2da3d1-76d4-4bd7-8499-10b776bad3c2","15.34","0",""
"simple","C1100078","Laço Premium","1","hidden","0","Laço Premium","19.9","","1","7","0","1","LAÇOS","","9c55eda3-fd60-4cf2-bbcb-d64b3f7b0466","7.99","0",""
"simple","C1100121","Laço Ratinha Poa","1","hidden","0","Laço Ratinha Poa","16.9","","1","1","0","0","LAÇOS","","4ac5ebef-b629-4df6-b172-1a47a5f5ee17","8.5","0",""
"simple","C1100144","Laço Topper Brilhoso","1","hidden","0","Laço Topper Brilhoso","34.9","","1","6","0","0","Outros","","6892806d-0c14-46fb-8e4e-dc3d2247be51","17.74","0",""
"simple","C1100162","Laços - Dia dos Pais","1","visible","0","Laços - Dia dos Pais","13.9","","1","1","0","0","LAÇOS","","5799db59-eafb-4b52-9314-ac97b08136e1","7","0",""
"simple","C1100074","Laços - Diversos","1","hidden","0","Laços - Diversos","15.9","","1","36","0","1","LAÇOS","","df8393c1-6b6d-43c1-8ad5-1d0dfe7b0e80","9.69","0",""
"simple","C1100169","Laços Dia dos pais","1","visible","0","Laços Dia dos pais","17.9","","1","0","0","0","Outros","","7d79e625-a367-47eb-9bc3-de552dede427","9.9","0",""
"simple","C1100153","Laços Economicos Misto C/ 50","1","hidden","0","Laços Economicos Misto C/ 50","49.9","","1","8","0","0","Outros","","0328df59-6975-42a6-b2f8-b58e55758795","30","0",""
"simple","C1100079","Mini Gargantilha em V","1","hidden","0","Gargantilha pet desenvolvida especialmente para filhotes, gatos e cães de pequeno porte, proporcionando um visual delicado, confortável e encantador.  Produzida com acabamento cuidadoso e excelente apresentação, é ideal para pet shops, centros de estética animal e profissionais de banho e tosa que desejam oferecer um acessório leve e charmoso na finalização dos atendimentos.  ✅ Ideal para filhotes, gatos e cachorros pequenos ✅ Leve, confortável e de fácil aplicação ✅ Visual delicado e encantador ✅ Acabamento cuidadoso e excelente apresentação ✅ Perfeita para fotos, entregas e finalização de banho e tosa ✅ Excelente opção para valorizar o atendimento e encantar os tutores   Conteúdo da embalagem: 10 gargantilhas.   Estampas: Os modelos são enviados em estampas sortidas, conforme disponibilidade em estoque no momento da separação do pedido.  Produto desenvolvido pela Autelie Moda Pet, especialista em acessórios para banho e tosa, reconhecida pela qualidade, acabamento e exclusividade de seus produtos.","22.9","","1","14","0","1","GARGANTILHAS","","765545bb-ac42-4d34-b9f8-02eb6bd53c3e","9.44","0",""
"simple","C1100143","Mini Laço Holográfico","1","hidden","0","Mini Laço Holográfico","29.9","","1","4","0","0","LAÇOS","","cf152b34-17a4-485c-9069-889eb98e78cd","18.49","0",""
"simple","C1100174","Mini laço Ponta","1","visible","0","<p><strong>Detalhes do produto</strong><br/><br/>Mini Laços Ponta confeccionados em fita de gorgorão lisa para finalização profissional de banho e tosa. Possuem aplicação central de meia pérola com acabamento em strass, proporcionando um visual delicado, elegante e sofisticado para penteados nas pontas das orelhas.<br/><br/><strong>Conteúdo</strong>: 10 unidades<br/><strong>Modelo</strong>: Mini Laço Ponta<br/><strong>Material</strong>: fita de gorgorão lisa<br/><strong>Aplicação</strong>: meia pérola com acabamento em strass<br/><strong>Fixação</strong>: chuca elástica<br/><strong>Cores</strong>: enviadas conforme disponibilidade de estoque<br/><strong>Composição do pacote</strong>: todos os laços são iguais<br/><br/><strong>Observação</strong>: as cores, tonalidades e detalhes da aplicação podem apresentar pequenas variações conforme o material disponível e o lote de produção.</p>","15.9","","1","17","0","0","LAÇOS","","aaf40514-5572-4954-93a6-86aa9ca53b13","8.72","0",""
"simple","C1100080","Mini Laços","1","hidden","0","Mini Laços","13.9","","1","69","0","1","LAÇOS","","728b1c64-eb0c-4c15-bf4b-d07b42705362","3.09","0",""
"simple","C1100081","Mini Laços adesivos","1","hidden","0","Mini laço pet sortido com adesivo de  super fixação,  desenvolvido para proporcionar um acabamento delicado, prático e encantador aos pets após o banho e tosa.  Produzido com acabamento cuidadoso e excelente apresentação, é ideal para pet shops, centros de estética animal e profissionais de banho e tosa que desejam oferecer um acessório bonito, rápido de aplicar e com excelente aderência.  ✅ Mini laços sortidos ✅ Aplicação prática com adesivo ✅ Super cola com alta fixação ✅ Leve, delicado e confortável ✅ Ideal para fotos, entregas e finalização de banho e tosa ✅ Excelente opção para valorizar o atendimento e encantar os tutores   Conteúdo da embalagem: 10 mini laços adesivos.   Modelos Cores: Os laços são enviados sortidos, conforme disponibilidade em estoque no momento da separação do pedido.   Observação importante:  Oriente o tutor a retirar o adesivo com água morna, umedecendo a região antes da remoção. Não é recomendado puxar o laço diretamente, pois isso pode danificar ou arrancar os pelos do pet.  Produto desenvolvido pela Autelie Moda Pet, especialista em acessórios para banho e tosa, reconhecida pela qualidade, acabamento e exclusividade de seus produtos.","18.9","","1","3","0","1","ADESIVOS","","266cacd3-d623-495e-b766-b0cdbd2f18d5","10.14","0",""
"simple","C1100082","Mini Laços adesivos Mistos","1","hidden","0","Mini laço pet sortido com adesivo de  super fixação,  desenvolvido para proporcionar um acabamento delicado, prático e encantador aos pets após o banho e tosa.  Produzido com acabamento cuidadoso e excelente apresentação, é ideal para pet shops, centros de estética animal e profissionais de banho e tosa que desejam oferecer um acessório bonito, rápido de aplicar e com excelente aderência.  ✅ Mini laços sortidos ✅ Aplicação prática com adesivo ✅ Super cola com alta fixação ✅ Leve, delicado e confortável ✅ Ideal para fotos, entregas e finalização de banho e tosa ✅ Excelente opção para valorizar o atendimento e encantar os tutores   Conteúdo da embalagem: 10 mini laços adesivos.   Modelos Cores: Os laços são enviados sortidos, conforme disponibilidade em estoque no momento da separação do pedido.   Observação importante:  Oriente o tutor a retirar o adesivo com água morna, umedecendo a região antes da remoção. Não é recomendado puxar o laço diretamente, pois isso pode danificar ou arrancar os pelos do pet.  Produto desenvolvido pela Autelie Moda Pet, especialista em acessórios para banho e tosa, reconhecida pela qualidade, acabamento e exclusividade de seus produtos.","18.9","","1","0","0","1","ADESIVOS","","30430e3b-6e31-4609-9ea3-a19fab6a46e7","10.14","0",""
"simple","C1100170","Mini Laços dia dos pais","1","hidden","0","Mini Laços dia dos pais","13.9","","1","2","0","1","LAÇOS","","4d291df2-254f-4221-a6c6-a3e002e8428a","5.3","0",""
"simple","C1100173","Painel dia dos pais","1","visible","0","Painel dia dos pais","49.9","","1","1","0","0","Outros","","47999ced-5447-4dc8-9d26-80bd42735498","29","0",""
"simple","C1100141","Pompom Penteado","1","visible","0","<p>Pompom pet com elástico, desenvolvido para penteados e finalização profissional de banho e tosa. O pompom é preso por fio de nylon a um elástico, proporcionando um detalhe colorido semelhante ao efeito de um ponto de luz.</p><p><strong>Conteúdo:</strong> 20 unidades<br/><strong>Tamanho:</strong> único<br/><strong>Cores:</strong> sortidas, conforme disponibilidade<br/><strong>Aplicação:</strong> preso à pelagem com elástico<br/><strong>Indicação:</strong> penteados e finalização profissional de banho e tosa</p><p><strong>Observação:</strong> as cores e tonalidades podem variar conforme a disponibilidade de estoque e o lote de produção.</p>","14.9","","1","6","0","0","PENTEADOS","","f5d564a9-fc17-4340-971f-61c1a1d57c8e","3.8","0",""
"simple","C1100164","Ponto de Luz (Miçangas)","1","visible","0","Ponto de Luz (Miçangas)","13.9","","1","9","0","0","Outros","","c69e5542-406a-4e59-8a78-7639c6d9421e","3.9","0",""
"simple","C1100083","Ponto de Luz C/ Strass - 20und","1","visible","0","<p>Pontos de luz pet com strass, desenvolvidos para penteados e finalização profissional de banho e tosa. Cada unidade possui meia pérola com strass e chuca para fixação na pelagem.</p><p><strong>Conteúdo:</strong> 20 unidades<br/><strong>Modelo:</strong> ponto de luz com strass<br/><strong>Composição:</strong> meia pérola com strass<br/><strong>Fixação:</strong> chuca para penteados<br/><strong>Indicação:</strong> penteados e finalização profissional de banho e tosa</p><p><strong>Observação:</strong> as cores e tonalidades podem apresentar pequenas variações conforme o material disponível e o lote de produção.</p>","22.9","","1","5","0","1","PENTEADOS","","8bf2406f-0962-4c37-8bec-dd7b646e1347","15.34","0",""
